timestamp,location_id,pm2_5,pm10,no2,o3,temperature,humidity,wind_speed,latitude,longitude,aqi_pm2_5,aqi_pm10,aqi,aqi_category,processed_at
2024-01-01 00:00:00,LOC_003,28.417559757771595,54.52611934098197,28.15679428635386,30.205393065496423,13.137208642449156,84.24681962877031,0.8615764705493478,40.94356521715698,-74.38114742152376,80.0,35.0,80.0,Moderate,2025-07-20 15:51:24.512606
2024-01-01 01:00:00,LOC_004,43.761708392158866,58.42266795090279,22.606134845853564,40.93771675563577,5.673287102603473,39.391752804944474,3.040913683115453,40.041880393838774,-74.48505002889576,124.0,38.0,124.0,Unhealthy for Sensitive Groups,2025-07-20 15:51:24.512606
2024-01-01 02:00:00,LOC_001,34.5042383818605,35.4800622359865,37.12158728899829,50.33963349397533,21.45836470215384,51.99826200578739,4.653206559001619,40.503068322632025,-73.60998109885124,97.0,23.0,97.0,Moderate,2025-07-20 15:51:24.512606
2024-01-01 03:00:00,LOC_003,19.23096344337597,23.69873194480725,38.281994677790024,41.668724783841014,25.852994365163383,67.14728400280177,5.886068684889091,40.58422478883172,-74.25504649163405,54.0,15.0,54.0,Moderate,2025-07-20 15:51:24.512606
2024-01-01 04:00:00,LOC_003,16.01585328651642,41.89958214408675,15.23049710209525,21.076042213708035,25.148835960763723,39.56369308628413,2.4149934603630143,40.920196986074274,-73.77030037255328,45.0,27.0,45.0,Good,2025-07-20 15:51:24.512606
2024-01-01 05:00:00,LOC_004,29.919191715065057,24.834269453718406,22.563913118460718,30.366106672589893,28.199252526352343,88.08133032274432,10.166572458446053,40.04915852362143,-73.68898462506793,85.0,16.0,85.0,Moderate,2025-07-20 15:51:24.512606
2024-01-01 06:00:00,LOC_001,11.797667929793578,65.20080871289935,18.027765959279368,39.11232563686746,23.243402100148682,84.88495972365962,4.200343697052891,40.57349958493521,-73.64101360896788,33.0,42.0,42.0,Good,2025-07-20 15:51:24.512606
2024-01-01 07:00:00,LOC_001,43.31458765854354,37.04802996624106,24.799808524744815,39.092012748090035,14.672745017830966,40.01701074206815,2.8946995891431317,40.85362992852796,-73.50840576433583,122.0,24.0,122.0,Unhealthy for Sensitive Groups,2025-07-20 15:51:24.512606
2024-01-01 08:00:00,LOC_003,36.79440120721287,29.52017673031837,29.332496241677113,63.6705061214777,28.39663864431189,37.26932767565913,0.3480401285563678,40.24192772811924,-74.20596028996,104.0,19.0,104.0,Unhealthy for Sensitive Groups,2025-07-20 15:51:24.512606
2024-01-01 09:00:00,LOC_002,20.308243478952953,37.77020458797362,18.40283824241176,23.368144691212024,6.424824601580649,35.12450896849592,3.124541338296626,40.87629234852394,-73.78975665807275,57.0,25.0,57.0,Moderate,2025-07-20 15:51:24.512606
2024-01-01 10:00:00,LOC_003,7.868654709091224,14.793105657054554,22.625121494997494,46.067070902030494,10.993286174875198,84.56661984219787,8.59447405678475,40.01904340927429,-74.38460014171918,22.0,10.0,22.0,Good,2025-07-20 15:51:24.512606
2024-01-01 11:00:00,LOC_003,38.538723741654124,20.425789422340227,21.96834102334801,57.86935729993947,10.357999285767553,41.617428587727645,4.766602471446215,40.73245462913373,-74.09319070864315,109.0,13.0,109.0,Unhealthy for Sensitive Groups,2025-07-20 15:51:24.512606
2024-01-01 12:00:00,LOC_003,23.85460154747382,53.00620861916638,31.658138635191552,67.25739694507355,30.8005605913931,54.97709571266128,8.923793769473855,40.933113221168654,-73.65202830668741,67.0,34.0,67.0,Moderate,2025-07-20 15:51:24.512606
2024-01-01 13:00:00,LOC_003,37.378163119734616,25.146585815429063,30.554754696290004,35.14723092179246,29.427885141400758,56.931081939120176,3.4062083719308234,40.65719766164006,-74.1323419539409,106.0,16.0,106.0,Unhealthy for Sensitive Groups,2025-07-20 15:51:24.512606
2024-01-01 14:00:00,LOC_004,9.055723412056329,19.296335259770906,24.226099573301973,45.8971534326424,24.873052370449948,65.94066265281405,0.630434176000575,40.43902924398045,-73.90890461946438,26.0,13.0,26.0,Good,2025-07-20 15:51:24.512606
2024-01-01 15:00:00,LOC_001,19.006249770462272,43.049791287909294,31.414566977115182,46.83712428638376,30.71929865211797,34.304120624845496,0.0686686157932912,40.044881016472715,-73.99622655627536,54.0,28.0,54.0,Moderate,2025-07-20 15:51:24.512606
2024-01-01 16:00:00,LOC_004,25.052436997181832,52.78556231994496,25.626559323301876,42.34578077863949,11.20717217588012,43.60551704403096,1.8064245297964288,40.92011381332263,-73.85404846888795,71.0,34.0,71.0,Moderate,2025-07-20 15:51:24.512606
2024-01-01 17:00:00,LOC_004,25.469805937647422,45.784299659976,27.826759117391575,38.813857585128325,23.485951198609804,85.88942321513557,5.986483553865936,40.47029622269157,-73.52710561061231,72.0,30.0,72.0,Moderate,2025-07-20 15:51:24.512606
2024-01-01 18:00:00,LOC_004,20.499345285207564,49.940715287087244,43.387616722388294,45.231704674000554,18.74825571616836,84.50460643611417,7.809430762942224,40.02899674433595,-74.44426447349859,58.0,32.0,58.0,Moderate,2025-07-20 15:51:24.512606
2024-01-01 19:00:00,LOC_003,31.22849932347499,23.64807367145809,40.72368841432278,9.613046977363776,28.46882103884914,76.87743884434153,1.7531294862687377,40.689821071328765,-73.92603848249837,88.0,15.0,88.0,Moderate,2025-07-20 15:51:24.512606
2024-01-01 20:00:00,LOC_002,14.323795706174057,13.672839998872345,19.60335010457922,48.184833880751576,18.847757674478025,31.164074737092925,3.422462908215306,40.48183725357626,-73.63697122074971,40.0,9.0,40.0,Good,2025-07-20 15:51:24.512606
2024-01-01 21:00:00,LOC_001,23.576205149787064,57.5200047793323,36.6378593430334,41.51413484394361,16.15057111589919,49.62040610976612,2.7332909210782033,40.12434531744241,-74.01861728825158,67.0,37.0,67.0,Moderate,2025-07-20 15:51:24.512606
2024-01-01 22:00:00,LOC_002,26.20295631711899,30.159802417367963,36.49117243593274,37.330301238660816,25.4090851856099,67.67752412057447,2.642596050254687,40.21427180931026,-74.42147281405843,74.0,20.0,74.0,Moderate,2025-07-20 15:51:24.512606
2024-01-01 23:00:00,LOC_004,30.14438834058749,31.23750475317429,20.813893689979054,64.56234634863469,28.761691671912327,46.51141270640854,1.315589377605886,40.06449068045585,-73.93946064758323,85.0,20.0,85.0,Moderate,2025-07-20 15:51:24.512606
2024-01-02 00:00:00,LOC_004,32.1161487808889,54.92291212773587,36.55022115003889,31.900791774513372,13.316548051531983,84.57520170322664,0.7330606107905774,40.57429353970857,-74.16792610917618,91.0,36.0,91.0,Moderate,2025-07-20 15:51:24.512606
2024-01-02 01:00:00,LOC_002,13.753579081621307,43.343450141009896,42.30345534730042,35.16308813121963,19.38924328647624,68.0333677099465,1.0950639622354132,40.62202947925201,-74.34505821466206,39.0,28.0,39.0,Good,2025-07-20 15:51:24.512606
2024-01-02 02:00:00,LOC_002,9.658858292643778,41.83831658122411,21.01964155004469,63.89863962645681,9.415593663583472,34.31440303898674,0.2846107290437292,40.50574229835544,-73.65096548671653,27.0,27.0,27.0,Good,2025-07-20 15:51:24.512606
2024-01-02 03:00:00,LOC_002,37.77676821898509,67.47503517351626,22.659977431885892,30.01526434180172,-4.980610174929396,84.54033533014218,1.1040485206746449,40.817102133002614,-73.97840048700888,107.0,44.0,107.0,Unhealthy for Sensitive Groups,2025-07-20 15:51:24.512606
2024-01-02 04:00:00,LOC_004,28.323140119795916,25.347226544297854,38.14129173474802,33.398616604761536,22.004596314137288,87.46599949057335,0.046217436637781814,40.86100882130801,-73.56672358762093,80.0,16.0,80.0,Moderate,2025-07-20 15:51:24.512606
2024-01-02 05:00:00,LOC_004,17.515134634434464,48.917601921218555,32.17196248660518,38.2356949188298,26.08905356254632,34.66274510350353,4.934349312543481,40.615624396683124,-73.69398349539694,49.0,32.0,49.0,Good,2025-07-20 15:51:24.512606
2024-01-02 06:00:00,LOC_001,40.51151975522523,35.855196873456265,34.41181020191618,50.08881378555459,22.620668090867255,61.94161409167889,1.9017317661905873,40.01275647970743,-73.80702820622633,114.0,23.0,114.0,Unhealthy for Sensitive Groups,2025-07-20 15:51:24.512606
2024-01-02 07:00:00,LOC_001,26.156746342928585,39.02888418294886,32.72471373120398,42.49363008823976,0.5043828224563285,48.20185693285023,18.086462550411607,40.69522965574774,-74.49497449663468,74.0,25.0,74.0,Moderate,2025-07-20 15:51:24.512606
2024-01-02 08:00:00,LOC_004,36.792971840638266,57.927026396187976,33.125567367425155,24.48849583417285,16.491505699235255,53.57034458888414,1.0766027222649703,40.41799921692035,-74.07217654336175,104.0,38.0,104.0,Unhealthy for Sensitive Groups,2025-07-20 15:51:24.512606
2024-01-02 09:00:00,LOC_002,25.67518481410109,42.61753634434436,19.388222973511336,33.61397724247372,-2.1834776005108125,40.77907307732051,2.1219291848239608,40.565557483226385,-74.30251371834797,73.0,28.0,73.0,Moderate,2025-07-20 15:51:24.512606
2024-01-02 10:00:00,LOC_002,45.60747924881987,43.07444118574449,38.378541652971585,32.711746801453465,33.69701107654185,64.68432612074474,2.214597947241836,40.649080602018884,-73.58920208895113,129.0,28.0,129.0,Unhealthy for Sensitive Groups,2025-07-20 15:51:24.512606
2024-01-02 11:00:00,LOC_001,42.55340842443204,51.087610059647034,39.35671993942219,39.07334745732345,9.13945417881914,87.47876119493344,0.04243706231678861,40.35023661432707,-74.32541601532364,120.0,33.0,120.0,Unhealthy for Sensitive Groups,2025-07-20 15:51:24.512606
2024-01-02 12:00:00,LOC_004,22.510358515209266,29.52570905685672,28.16487404745578,45.11012390355795,32.55403609459896,60.18435601629655,9.138216913305165,40.91709850517179,-74.21393994834071,64.0,19.0,64.0,Moderate,2025-07-20 15:51:24.512606
2024-01-02 13:00:00,LOC_001,34.71570950954356,22.411854989914904,29.6521844014891,45.01846907065566,29.458696436841457,34.97487488366887,0.16258734365268104,40.13397486674978,-73.9831632322655,98.0,15.0,98.0,Moderate,2025-07-20 15:51:24.512606
2024-01-02 14:00:00,LOC_001,31.453759495851475,19.327862089684494,17.751139979554225,18.687858951419173,10.994096474639383,67.2000800086445,14.082062314915525,40.671511807281036,-74.23663638100192,89.0,13.0,89.0,Moderate,2025-07-20 15:51:24.512606
2024-01-02 15:00:00,LOC_003,38.68631557532349,5.504651159359973,34.11403804814268,52.767291850730274,8.67215048732255,50.41337966707542,11.131563624954378,40.00435957995658,-74.29013532272089,109.0,4.0,109.0,Unhealthy for Sensitive Groups,2025-07-20 15:51:24.512606
2024-01-02 16:00:00,LOC_003,15.350765394198955,65.84310694910484,34.576459533713155,43.03082615195948,23.503702163863384,81.35551137547787,3.834204519712299,40.92465110540518,-73.90090067489724,43.0,43.0,43.0,Good,2025-07-20 15:51:24.512606
2024-01-02 17:00:00,LOC_003,31.86051459998439,18.451874514174754,29.50247186400551,56.61438457112688,11.55675962816929,56.080688898988214,3.9218798270213013,40.11250413323809,-74.41107047724498,90.0,12.0,90.0,Moderate,2025-07-20 15:51:24.512606
2024-01-02 18:00:00,LOC_002,35.58424486849588,31.68119564621342,38.99482687896402,45.33037992748806,21.024846421582076,41.57037653653474,5.303374343245907,40.09488423014758,-74.44183224127907,101.0,21.0,101.0,Unhealthy for Sensitive Groups,2025-07-20 15:51:24.512606
2024-01-02 19:00:00,LOC_004,7.412605135768857,30.84780050166619,27.327382152160475,53.21587549282914,15.171724091930816,41.466337361468696,2.447359659561792,40.33300763305225,-74.12775470481392,21.0,20.0,21.0,Good,2025-07-20 15:51:24.512606
2024-01-02 20:00:00,LOC_004,13.16741487334225,39.61110046713651,34.5168474071488,45.59854373740152,2.188415855343667,76.12585084326963,5.2095855920141165,40.37356628603908,-73.77933554549213,37.0,26.0,37.0,Good,2025-07-20 15:51:24.512606
2024-01-02 21:00:00,LOC_004,4.607678222398995,47.23605818808945,21.842685290463073,56.15470907443298,-2.3046801912445893,45.935255898441596,0.22900721486151393,40.21430007232288,-73.94519324172605,13.0,31.0,31.0,Good,2025-07-20 15:51:24.512606
2024-01-02 22:00:00,LOC_004,22.305931655554424,47.90710232539618,29.811582793006096,46.26700763221334,22.266842484945972,76.03400364955337,0.27781528616657364,40.58512166092712,-74.07712353153322,63.0,31.0,63.0,Moderate,2025-07-20 15:51:24.512606
2024-01-02 23:00:00,LOC_003,32.17542255795962,26.25383842146592,28.605165936777315,38.825017042685154,14.384422536693746,42.353238645995965,3.0553519731613243,40.44291409804196,-73.93424843577542,91.0,17.0,91.0,Moderate,2025-07-20 15:51:24.512606
2024-01-03 00:00:00,LOC_002,40.02357052096028,32.49317429320383,31.802463376327534,67.26921664536258,14.469101830858676,49.301182122078565,3.988343586917403,40.03417558904109,-74.13454851534672,113.0,21.0,113.0,Unhealthy for Sensitive Groups,2025-07-20 15:51:24.512606
2024-01-03 01:00:00,LOC_002,25.740947804197752,39.2386992573245,27.04378456933313,50.66844546735871,26.958638390937853,57.92921834638196,10.93814760249315,40.3196520622553,-73.56385366456789,73.0,25.0,73.0,Moderate,2025-07-20 15:51:24.512606
2024-01-03 02:00:00,LOC_003,41.286155455712915,31.269633107246793,28.948219234626656,46.88493305205296,31.73442276632445,86.59175098160705,0.5527622629333492,40.81043291357317,-74.44509510908922,117.0,20.0,117.0,Unhealthy for Sensitive Groups,2025-07-20 15:51:24.512606
2024-01-03 03:00:00,LOC_002,11.198985417851086,59.110183640299894,36.60837737153205,24.68434700153997,17.274552786381907,85.90388548522948,8.648092050865037,40.68970153486187,-73.82660852097017,32.0,38.0,38.0,Good,2025-07-20 15:51:24.512606
2024-01-03 04:00:00,LOC_003,7.966175606448452,42.36462427457377,26.50588610209426,24.540308590437547,16.594012930901386,42.41231252533727,1.178911279696275,40.72487085357988,-73.60871733517224,23.0,28.0,28.0,Good,2025-07-20 15:51:24.512606
2024-01-03 05:00:00,LOC_004,24.444523011033812,46.02316679074726,17.147383194090565,43.51258578570224,25.001430331138838,51.49314247458437,2.505066681426538,40.69811692408352,-73.69611529126475,69.0,30.0,69.0,Moderate,2025-07-20 15:51:24.512606
2024-01-03 06:00:00,LOC_003,28.840654489393074,44.94321903001119,43.99667123364337,41.74625437321889,6.430644303004247,38.96396330722634,1.9033925106088423,40.310973021383035,-74.31595896517855,81.0,29.0,81.0,Moderate,2025-07-20 15:51:24.512606
2024-01-03 07:00:00,LOC_004,24.67305251905907,52.60210786227987,41.051632629523894,32.630529219900204,22.23153054747697,60.59910475880983,2.5554222268320497,40.09966392207678,-74.20407365101971,70.0,34.0,70.0,Moderate,2025-07-20 15:51:24.512606
2024-01-03 08:00:00,LOC_004,4.325578999601234,37.7153233805556,19.661898439155053,41.69179239534472,25.51885971822154,57.63495304167999,0.8155101919082237,40.2724671840331,-73.78295206129289,12.0,24.0,24.0,Good,2025-07-20 15:51:24.512606
2024-01-03 09:00:00,LOC_001,24.108799604872114,15.547520780662303,35.517662441961555,59.06352313652315,26.80230208417629,84.04560974704395,3.5015647111105066,40.83178530018516,-74.41572944081923,68.0,10.0,68.0,Moderate,2025-07-20 15:51:24.512606
2024-01-03 10:00:00,LOC_003,11.955304994951469,40.99531927628962,25.976201835589254,48.34482969460358,0.6324729749753502,85.80032266746436,8.088423868321298,40.98047079778307,-73.68813830016741,34.0,27.0,34.0,Good,2025-07-20 15:51:24.512606
2024-01-03 11:00:00,LOC_001,31.696725488300384,25.229646593122567,32.107897722648474,26.30789788296714,12.386447301910593,53.01404346043753,2.9128077913034045,40.49384701474156,-73.7810930553952,90.0,16.0,90.0,Moderate,2025-07-20 15:51:24.512606
2024-01-03 12:00:00,LOC_003,28.665982460968483,27.070749773753647,32.35379303210795,38.661894074284675,11.217367471765334,59.504276581139365,3.3727418377699476,40.00970035492304,-73.77039335076466,81.0,18.0,81.0,Moderate,2025-07-20 15:51:24.512606
2024-01-03 13:00:00,LOC_003,15.601202136726448,43.7954602813264,28.124737597469423,30.340402229769268,20.99886954409213,83.77417494876798,9.444687275766888,40.14004481213423,-74.3997586297324,44.0,28.0,44.0,Good,2025-07-20 15:51:24.512606
2024-01-03 14:00:00,LOC_001,19.861330826633065,53.57424607150453,23.729874675308828,35.34760100309727,24.80744579767984,78.40246846470369,6.121866000096771,40.322080575316264,-73.78223945518377,56.0,35.0,56.0,Moderate,2025-07-20 15:51:24.512606
2024-01-03 15:00:00,LOC_001,14.407864781110485,35.319073651040924,24.475671581469925,35.03661201244429,34.96710407445981,30.219378680678957,3.3711797376761736,40.57858534859295,-73.82018187478003,41.0,23.0,41.0,Good,2025-07-20 15:51:24.512606
2024-01-03 16:00:00,LOC_003,24.37320902726828,39.63249518898446,22.67046467615006,34.26825300875194,15.05034519631927,49.20357385101495,1.489979711359972,40.07509364580531,-73.66907750917815,69.0,26.0,69.0,Moderate,2025-07-20 15:51:24.512606
2024-01-03 17:00:00,LOC_002,34.551423205012384,60.533224169528566,23.345422334156442,24.938375536319263,15.024275016907861,55.306454516167555,10.810931847251226,40.943357298709884,-74.45840404374353,98.0,39.0,98.0,Moderate,2025-07-20 15:51:24.512606
2024-01-03 18:00:00,LOC_004,15.142739536644562,38.61129769232853,29.462573679605157,38.468143821781716,31.49672018878747,43.782977020993904,4.302156660229775,40.3650836732844,-74.4768893315322,43.0,25.0,43.0,Good,2025-07-20 15:51:24.512606
2024-01-03 19:00:00,LOC_001,30.040465155178445,74.02524671270592,24.273920087113986,33.27270835783228,22.96576938530305,41.97429695375632,1.2496686886476627,40.912584217924824,-74.12699290012144,85.0,48.0,85.0,Moderate,2025-07-20 15:51:24.512606
2024-01-03 20:00:00,LOC_004,19.69742381627559,43.482644684473165,35.45641652570096,4.846615719972782,32.67651511187974,32.26707039574078,1.5675282647530253,40.78052180275702,-74.35121171615084,56.0,28.0,56.0,Moderate,2025-07-20 15:51:24.512606
2024-01-03 21:00:00,LOC_002,17.071271677376558,8.588558612662734,41.89796924268742,64.63566429401996,22.887280030098363,68.60218350418563,8.126136784533081,40.75543727251558,-73.94161552242977,48.0,6.0,48.0,Good,2025-07-20 15:51:24.512606
2024-01-03 22:00:00,LOC_002,23.92969640045442,46.30012431656799,25.359574069039656,53.06523585060006,8.42883381286729,45.75061742898994,0.22574819560733195,40.60671957978223,-73.58265109849324,68.0,30.0,68.0,Moderate,2025-07-20 15:51:24.512606
2024-01-03 23:00:00,LOC_002,14.64757677580626,40.71737577324167,31.915236004283017,35.48439130090005,6.668716452221934,33.140830705878784,24.19952012268837,40.626783817051844,-74.10852026966599,41.0,26.0,41.0,Good,2025-07-20 15:51:24.512606
2024-01-04 00:00:00,LOC_001,19.463506946528177,54.34629131124119,33.997480882423474,40.22582859688718,4.48487750941071,43.85875863168382,0.698331893067655,40.638003235216246,-73.65504962272739,55.0,35.0,55.0,Moderate,2025-07-20 15:51:24.512606
2024-01-04 01:00:00,LOC_002,13.021221074111516,45.097720269049375,33.776018167354195,25.940147832189258,26.62051834758473,78.11483717016759,7.949856251882192,40.628721387025585,-74.49975912548213,37.0,29.0,37.0,Good,2025-07-20 15:51:24.512606
2024-01-04 02:00:00,LOC_001,44.64725132916389,32.92316024024339,30.6076421433287,60.34867453373038,31.88596823087008,81.0893508987928,2.5107775632893246,40.55372823139836,-74.33148535654081,126.0,21.0,126.0,Unhealthy for Sensitive Groups,2025-07-20 15:51:24.512606
2024-01-04 03:00:00,LOC_002,25.352635519717285,16.635526455659512,35.94145934687778,62.76746433727734,38.493621413863806,58.98397471159816,3.3884973981575217,40.98641401848289,-74.46957646034592,72.0,11.0,72.0,Moderate,2025-07-20 15:51:24.512606
2024-01-04 04:00:00,LOC_004,18.002744920074143,31.864651140709622,33.85799162144526,41.88032473895829,28.4310533232324,54.96424022452117,10.628498823109442,40.73229056742569,-74.17185281948493,51.0,21.0,51.0,Moderate,2025-07-20 15:51:24.512606
2024-01-04 05:00:00,LOC_004,27.13979910734222,22.242193186860497,20.098700621381617,52.28236773022414,31.62838577534986,88.6712216101069,2.662895875896607,40.776946388392524,-73.5918104043035,77.0,14.0,77.0,Moderate,2025-07-20 15:51:24.512606
2024-01-04 06:00:00,LOC_003,23.876719503091703,26.29214825292916,36.95324851511418,42.10344134720709,14.199836673463153,42.033879575284196,3.855476082747358,40.87246281508367,-74.40304787640102,67.0,17.0,67.0,Moderate,2025-07-20 15:51:24.512606
2024-01-04 07:00:00,LOC_004,22.79030400466777,43.82867606630914,37.09832669813394,23.959294733488832,8.435841832561433,42.92155697127651,0.25278184260048686,40.21563976272585,-73.8935902232562,64.0,28.0,64.0,Moderate,2025-07-20 15:51:24.512606
2024-01-04 08:00:00,LOC_003,31.141667000434254,60.04856756527109,23.893711166571347,35.05811957243611,28.500793324175532,47.512030622183985,0.011751167519305772,40.08380415909506,-74.04850406088056,88.0,39.0,88.0,Moderate,2025-07-20 15:51:24.512606
2024-01-04 09:00:00,LOC_004,32.57507710047305,40.920072947344714,30.303502683580817,41.583135601263486,24.176807522394007,40.36543909686524,1.4038624799288637,40.4828944365986,-73.56153178763418,92.0,27.0,92.0,Moderate,2025-07-20 15:51:24.512606
2024-01-04 10:00:00,LOC_001,19.694988523894725,17.061754069472236,35.466631942488554,34.54542737507867,21.074443743408924,52.761935892251195,5.706290553611481,40.51408069561927,-74.3774808574629,56.0,11.0,56.0,Moderate,2025-07-20 15:51:24.512606
2024-01-04 11:00:00,LOC_004,19.2418175935532,41.66904002330211,28.325489443365107,37.37616067077957,23.8737148063299,84.65005361938523,0.6463589217349437,40.82918177994992,-74.28797214949778,54.0,27.0,54.0,Moderate,2025-07-20 15:51:24.512606
2024-01-04 12:00:00,LOC_003,22.24948302848356,52.94947229968477,38.58382438212809,38.90320530989062,23.231854824582058,66.92087043771446,0.6038484747071202,40.44378357928234,-74.4704580313885,63.0,34.0,63.0,Moderate,2025-07-20 15:51:24.512606
2024-01-04 13:00:00,LOC_003,1.9807883526441508,25.853256435209268,48.91097995695489,39.02945802561447,32.83816859853562,54.71679291673582,2.6463110908556375,40.57085302554431,-74.06606475036862,6.0,17.0,17.0,Good,2025-07-20 15:51:24.512606
2024-01-04 14:00:00,LOC_002,9.848089378014478,32.989742499906235,23.712111738920143,40.6271018859698,32.94985584816956,86.06464767427289,5.218306260084527,40.52707093851346,-74.22216710043534,28.0,21.0,28.0,Good,2025-07-20 15:51:24.512606
2024-01-04 15:00:00,LOC_001,38.66874267444525,35.22032292093795,18.9516431747698,27.27273920324079,25.44220352340347,32.90785394854934,6.225224015888809,40.03820278375739,-73.63009406610968,109.0,23.0,109.0,Unhealthy for Sensitive Groups,2025-07-20 15:51:24.512606
2024-01-04 16:00:00,LOC_004,41.449677135012834,23.2265253037664,32.430548764839,31.395806210464766,28.458028725629283,42.616570674111685,0.9828164980241955,40.61521489659691,-73.89505918680224,117.0,15.0,117.0,Unhealthy for Sensitive Groups,2025-07-20 15:51:24.512606
2024-01-04 17:00:00,LOC_002,22.509639604436217,44.72420650765788,35.772500041009145,24.58498881160037,25.14062552424776,63.95331630610554,0.41467021605790716,40.82804328577425,-73.8859092620243,64.0,29.0,64.0,Moderate,2025-07-20 15:51:24.512606
2024-01-04 18:00:00,LOC_004,30.765569630557664,33.18577777088328,28.153069009241847,51.7337865962344,15.388302679653812,66.93315739159075,14.100249700673803,40.1575005480758,-73.9680893031187,87.0,22.0,87.0,Moderate,2025-07-20 15:51:24.512606
2024-01-04 19:00:00,LOC_004,28.11250154543536,41.292986658605415,41.62608530656827,14.732236697916107,27.5656467491314,32.37345039375679,1.5100300773436506,40.594331733926595,-74.4081496627708,79.0,27.0,79.0,Moderate,2025-07-20 15:51:24.512606
2024-01-04 20:00:00,LOC_002,55.78880808455238,21.6876173329685,19.29115360221401,53.84308411980311,6.055049311407384,54.18232547442793,9.598413005947029,40.59361054444641,-74.05498131627465,158.0,14.0,158.0,Unhealthy,2025-07-20 15:51:24.512606
2024-01-04 21:00:00,LOC_002,36.195749114345766,28.438125495148842,35.54334898425289,56.63619276715412,30.53891552295883,68.94923788985236,9.956840161732604,40.16418496405636,-73.50049481029149,102.0,18.0,102.0,Unhealthy for Sensitive Groups,2025-07-20 15:51:24.512606
2024-01-04 22:00:00,LOC_002,23.720824085192334,45.83572036741657,25.15311343392885,36.373832956208545,8.05477060233965,71.8842327842041,7.403521749864451,40.12346357373074,-73.66477070915398,67.0,30.0,67.0,Moderate,2025-07-20 15:51:24.512606
2024-01-04 23:00:00,LOC_002,15.444595593995743,29.407502718623494,43.75502324965837,8.762354946072417,22.85803286794733,68.28839415097616,0.9246263575109331,40.98005194297649,-73.60654094583289,44.0,19.0,44.0,Good,2025-07-20 15:51:24.512606
2024-01-05 00:00:00,LOC_002,8.935536797424277,60.904457768501075,45.94012282534494,35.66427325639251,11.548460415738411,49.23379346165547,8.624284764176501,40.39371916965304,-73.6767736407535,25.0,40.0,40.0,Good,2025-07-20 15:51:24.512606
2024-01-05 01:00:00,LOC_004,27.03463635867223,29.005457215780964,23.866747297733216,39.22979006453417,25.53388983074427,35.611207415874574,7.332114145921434,40.22742172872353,-74.39695830656902,76.0,19.0,76.0,Moderate,2025-07-20 15:51:24.512606
2024-01-05 02:00:00,LOC_002,17.436492547156966,38.37027088627829,25.60354291273136,27.872821360853038,19.66074774072091,55.626746785160044,4.5406579185108145,40.17132454445437,-74.2725517459352,49.0,25.0,49.0,Good,2025-07-20 15:51:24.512606
2024-01-05 03:00:00,LOC_001,10.777462904023258,48.98886247809635,36.876703095838415,33.81737927430109,4.052440418366675,37.72526624208333,2.0564253199856806,40.66760171358324,-74.49687834864359,30.0,32.0,32.0,Good,2025-07-20 15:51:24.512606
2024-01-05 04:00:00,LOC_003,18.534271157574736,13.724514006004526,26.902954801683883,58.36234238636021,24.20699631018479,86.85741951124002,1.5225042881915676,40.60944529732728,-74.19648987512188,52.0,9.0,52.0,Moderate,2025-07-20 15:51:24.512606
2024-01-05 05:00:00,LOC_002,14.18451996385605,8.587867820288363,29.636710256542095,47.979125947620894,14.220792231672894,58.510251961357696,0.6499125558324793,40.643552122987415,-74.3913925976535,40.0,6.0,40.0,Good,2025-07-20 15:51:24.512606
2024-01-05 06:00:00,LOC_002,41.871416350725646,12.11515528144858,30.20310736433928,28.9052306274628,28.811467208133692,49.03555046141206,3.564271144508582,40.088006027511454,-74.02720665469842,118.0,8.0,118.0,Unhealthy for Sensitive Groups,2025-07-20 15:51:24.512606
2024-01-05 07:00:00,LOC_004,33.816397569494505,53.93876155140773,14.64261475041875,20.828809964854813,20.013256887344074,75.978244267134,4.400527860497482,40.893534583498436,-73.8228725114261,96.0,35.0,96.0,Moderate,2025-07-20 15:51:24.512606
2024-01-05 08:00:00,LOC_002,24.920273586833826,26.722127811613298,29.889298031246103,36.07579218868275,23.954209853880382,59.876915554935835,2.2262740415425335,40.38926639680905,-73.62549470496192,70.0,17.0,70.0,Moderate,2025-07-20 15:51:24.512606
2024-01-05 09:00:00,LOC_002,39.79944138890026,73.37298928502378,24.482177807486607,37.438518647794744,10.424310449847882,48.602041440747,3.2252059441142733,40.31336940643036,-73.7507828349091,112.0,48.0,112.0,Unhealthy for Sensitive Groups,2025-07-20 15:51:24.512606
2024-01-05 10:00:00,LOC_002,25.773683076476182,26.536286020139173,26.055017420801825,45.95439024835979,14.106677685726382,78.7180645434481,2.2589678754925897,40.46236144724774,-73.5614144042215,73.0,17.0,73.0,Moderate,2025-07-20 15:51:24.512606
2024-01-05 11:00:00,LOC_004,16.387157986717362,37.768269547955555,41.54905602775051,33.576199449188096,15.413613638989155,82.02912906006732,5.122248816979091,40.390066065747625,-74.44610170960621,46.0,25.0,46.0,Good,2025-07-20 15:51:24.512606
2024-01-05 12:00:00,LOC_002,40.23124077269657,58.13164928851813,19.94794484576595,46.137994904342335,28.567024802425557,70.38048997732062,11.57628561528927,40.86357700313915,-74.48782016458345,114.0,38.0,114.0,Unhealthy for Sensitive Groups,2025-07-20 15:51:24.512606
2024-01-05 13:00:00,LOC_003,30.389100436846586,65.09139332238684,36.505641493983816,63.22184848072275,36.77377087805489,32.81786534446004,0.895156450596143,40.92926097519789,-73.83866188616379,86.0,42.0,86.0,Moderate,2025-07-20 15:51:24.512606
2024-01-05 14:00:00,LOC_004,14.627538456735437,65.92255364954596,27.768296557345533,49.78601226933115,11.948282482571237,63.97937280999193,2.4015533025619007,40.303453216449604,-74.21064758977775,41.0,43.0,43.0,Good,2025-07-20 15:51:24.512606
2024-01-05 15:00:00,LOC_003,23.096613219163917,53.12549345889714,27.761918652033323,39.422937912030726,30.768481446576804,75.7976947198369,0.7591670236347356,40.86393580745995,-74.24649898389423,65.0,34.0,65.0,Moderate,2025-07-20 15:51:24.512606
2024-01-05 16:00:00,LOC_004,16.24381746615243,50.360937887171936,36.32297516841369,37.80219434736046,-1.6967741772570193,38.190180725014926,4.903396593366631,40.78152312953307,-74.1691129123062,46.0,33.0,46.0,Good,2025-07-20 15:51:24.512606
2024-01-05 17:00:00,LOC_002,11.172002690356639,43.88790423801775,32.72041035655112,35.71992238984154,8.058105989077106,43.7202450830762,6.52579373729504,40.93080767234476,-74.23020394210764,32.0,28.0,32.0,Good,2025-07-20 15:51:24.512606
2024-01-05 18:00:00,LOC_003,34.26177547531641,46.675416142499564,34.564903977756245,54.16769094942573,10.412215438132252,82.94970630408818,13.434825262166065,40.24575031218589,-73.98856359369842,97.0,30.0,97.0,Moderate,2025-07-20 15:51:24.512606
2024-01-05 19:00:00,LOC_004,44.094166404701305,26.732214255071998,37.74547728426289,32.472238648584366,6.474913105592776,31.207303311184443,1.634692619961044,40.57695915012098,-74.05985155277587,125.0,17.0,125.0,Unhealthy for Sensitive Groups,2025-07-20 15:51:24.512606
2024-01-05 20:00:00,LOC_001,11.014324261808587,22.727016748665392,27.349532934533418,40.54267250799979,4.164116102124201,75.16362826955856,14.999826688249271,40.27454458474045,-73.98757144862334,31.0,15.0,31.0,Good,2025-07-20 15:51:24.512606
2024-01-05 21:00:00,LOC_002,30.629692366905708,34.94938313883572,25.102106123937997,40.614374822573026,24.129989121377974,58.426397550865374,0.32676184415250564,40.82409449048438,-73.82728638849956,87.0,23.0,87.0,Moderate,2025-07-20 15:51:24.512606
2024-01-05 22:00:00,LOC_004,18.49357430878173,32.447230662126074,21.318795787537617,33.978589686261614,17.859323022721387,56.806329530376416,4.619269596092495,40.005324190571066,-74.11286949102885,52.0,21.0,52.0,Moderate,2025-07-20 15:51:24.512606
2024-01-05 23:00:00,LOC_001,20.12874616235304,28.201579260090874,23.39671576016836,23.53041342539079,23.794053976051096,30.42579194969323,0.29414873934559166,40.564819162886394,-74.24869231285784,57.0,18.0,57.0,Moderate,2025-07-20 15:51:24.512606
2024-01-06 00:00:00,LOC_004,19.07606075761131,45.44581171185073,53.592755402469805,43.87569404341202,26.90472686121513,79.16389385798956,11.21094073308942,40.33920343127192,-74.33379946319126,54.0,30.0,54.0,Moderate,2025-07-20 15:51:24.512606
2024-01-06 01:00:00,LOC_001,16.36009230320184,49.32957812855766,39.95743664589429,39.267952337735395,22.656169931725334,51.58949403819399,3.773082026134185,40.32268370707782,-74.15052588046737,46.0,32.0,46.0,Good,2025-07-20 15:51:24.512606
2024-01-06 02:00:00,LOC_002,25.48521627944827,36.32610329437771,19.19140507033583,46.00288563323884,26.57763176150374,62.445937878032574,5.533449385049943,40.644906323864916,-73.75819352475382,72.0,24.0,72.0,Moderate,2025-07-20 15:51:24.512606
2024-01-06 03:00:00,LOC_003,16.69049883588962,57.162951215828926,19.42033634605144,33.59679632273,19.304677137577308,70.63804118013957,8.906291774492635,40.85148444931399,-73.74329508988853,47.0,37.0,47.0,Good,2025-07-20 15:51:24.512606
2024-01-06 04:00:00,LOC_001,27.70456825779839,17.874663287997425,33.854928493747934,54.64985558575657,8.130066116942555,72.15777458627494,0.8144221725151286,40.60919539139333,-73.8330946133158,78.0,12.0,78.0,Moderate,2025-07-20 15:51:24.512606
2024-01-06 05:00:00,LOC_004,24.49761890550863,32.095108110804226,34.37811837902373,29.47871462545786,30.57814180820796,87.35880352956434,0.1967797335629305,40.853172978646725,-74.26597182469312,69.0,21.0,69.0,Moderate,2025-07-20 15:51:24.512606
2024-01-06 06:00:00,LOC_002,22.610519531335903,24.247665190957925,34.39107068253892,60.54448340821471,14.10887867218873,61.88039719419655,10.554914751545612,40.26459711188103,-73.9119137541453,64.0,16.0,64.0,Moderate,2025-07-20 15:51:24.512606
2024-01-06 07:00:00,LOC_001,15.92436337958402,7.0019507439041,27.96035365157042,19.02836188206086,10.64403701237574,53.98317305846565,1.8911948365422837,40.51950185476498,-73.92931033842315,45.0,5.0,45.0,Good,2025-07-20 15:51:24.512606
2024-01-06 08:00:00,LOC_004,19.232286694316674,33.75978971235951,28.9963659199768,45.21724077468269,18.220821241956017,87.22221758950248,0.6904454324767774,40.45053653906707,-74.01573380189028,54.0,22.0,54.0,Moderate,2025-07-20 15:51:24.512606
2024-01-06 09:00:00,LOC_004,32.55391225825756,33.17378737425075,32.62303619327486,45.70516819031948,10.87189080703487,68.52661410153127,3.159895763484491,40.011644899503096,-73.95002101361614,92.0,22.0,92.0,Moderate,2025-07-20 15:51:24.512606
2024-01-06 10:00:00,LOC_004,30.00917187624381,57.70174614863197,30.687144050346642,30.45331518470941,15.825696180105677,47.889021376593334,4.560324313451276,40.55681214314074,-74.00820936737634,85.0,37.0,85.0,Moderate,2025-07-20 15:51:24.512606
2024-01-06 11:00:00,LOC_001,15.224447552014489,44.462175268321666,12.24559701801972,45.092727254332154,23.440539215634665,37.58785472421427,0.15730165263127857,40.66152432414618,-73.9345436339259,43.0,29.0,43.0,Good,2025-07-20 15:51:24.512606
2024-01-06 12:00:00,LOC_001,25.993323054292258,19.637197635061924,28.16160295539845,55.35422403712191,23.48341739246127,80.55327008791087,1.6071985741875232,40.59191440441907,-73.78449404537888,73.0,13.0,73.0,Moderate,2025-07-20 15:51:24.512606
2024-01-06 13:00:00,LOC_001,32.51387123371789,62.81138849501282,23.18874852591749,13.398173927751227,11.021699335743707,51.73089616764909,0.16674924847447964,40.73627989878342,-74.39037180559656,92.0,41.0,92.0,Moderate,2025-07-20 15:51:24.512606
2024-01-06 14:00:00,LOC_003,8.305947188786284,53.31550543288029,31.401691351268095,46.03293768988978,15.122946270512553,69.62818328186587,2.7265279996524288,40.57133952845308,-73.75037424785097,23.0,35.0,35.0,Good,2025-07-20 15:51:24.512606
2024-01-06 15:00:00,LOC_001,30.43360192379935,43.731465552029235,53.88207202082728,10.08075015603907,30.743330047702436,58.24898516195389,11.273740203325946,40.06675025485076,-74.36411384987241,86.0,28.0,86.0,Moderate,2025-07-20 15:51:24.512606
2024-01-06 16:00:00,LOC_001,18.373762410541534,31.602738517252522,32.93985332379444,28.412022357721504,24.964001177339412,41.9357867877023,20.27150886616613,40.11644552408471,-74.43337200158963,52.0,21.0,52.0,Moderate,2025-07-20 15:51:24.512606
2024-01-06 17:00:00,LOC_001,30.70598668593159,20.608411449147802,27.491762510620816,59.54999637881134,40.750650393485415,66.1011965172279,5.067417273430605,40.59647457754395,-73.52392031377853,87.0,13.0,87.0,Moderate,2025-07-20 15:51:24.512606
2024-01-06 18:00:00,LOC_003,17.36740843457483,29.416898358934205,37.37441201581802,33.01861559929535,31.801281737415277,33.64098413704094,0.8815246280784559,40.27497919197364,-73.54300823112956,49.0,19.0,49.0,Good,2025-07-20 15:51:24.512606
2024-01-06 19:00:00,LOC_001,6.951178993354809,51.33122929556279,33.861503097673705,25.91344042709233,31.442930685599393,54.800547592271535,11.814297724348775,40.079645129034766,-74.43956345505944,20.0,33.0,33.0,Good,2025-07-20 15:51:24.512606
2024-01-06 20:00:00,LOC_004,8.724575621168373,63.26879458901914,33.36075592361473,37.624747252183816,6.121314495441981,62.79689637982026,3.6309126740171678,40.42960274344855,-74.05674655852503,25.0,41.0,41.0,Good,2025-07-20 15:51:24.512606
2024-01-06 21:00:00,LOC_001,25.48084946661382,58.14865292408284,34.85480474572537,64.81487605796262,27.638603516334225,56.162818447114745,0.8346982093953823,40.55432259808366,-74.31375506170022,72.0,38.0,72.0,Moderate,2025-07-20 15:51:24.512606
2024-01-06 22:00:00,LOC_004,27.597225017214818,27.66725867320589,46.45234851863633,18.019813033527686,19.468931983030892,74.92033051505945,12.737741700142793,40.32874598834961,-74.01465510286558,78.0,18.0,78.0,Moderate,2025-07-20 15:51:24.512606
2024-01-06 23:00:00,LOC_004,15.956833748955914,18.205738500664832,20.952892517392677,27.384281060327865,14.490181964617506,79.67549727271874,7.08312975431989,40.720433702225776,-73.66982275700042,45.0,12.0,45.0,Good,2025-07-20 15:51:24.512606
2024-01-07 00:00:00,LOC_004,31.38592458777374,37.113293703668056,33.789056614491635,57.96918019815551,21.680153405325285,76.27458444199068,6.578345870424483,40.64377060810124,-73.5493882252571,89.0,24.0,89.0,Moderate,2025-07-20 15:51:24.512606
2024-01-07 01:00:00,LOC_003,8.3847993773104,8.473409516557226,22.58895096014769,62.29242812245279,29.452115346114837,32.328776868708125,6.175265899670636,40.332818361091675,-73.86574734654846,24.0,6.0,24.0,Good,2025-07-20 15:51:24.512606
2024-01-07 02:00:00,LOC_003,24.339202013526833,39.847515712771724,34.44410117073799,38.75882530851659,25.008315910042114,41.64772622675834,1.1178420896390073,40.754872528908564,-74.14609433278818,69.0,26.0,69.0,Moderate,2025-07-20 15:51:24.512606
2024-01-07 03:00:00,LOC_003,12.889838002375434,32.78596120551997,22.650507908111244,25.13136756968029,11.2152619865794,62.19645055582646,1.1849871971192307,40.648695042533035,-73.8966744343554,36.0,21.0,36.0,Good,2025-07-20 15:51:24.512606
2024-01-07 04:00:00,LOC_001,18.48163892197841,28.009452471976367,26.661065491159324,65.1501220217099,27.424589135926205,86.08932242662807,5.82845814962123,40.6374453787179,-74.18799869389154,52.0,18.0,52.0,Moderate,2025-07-20 15:51:24.512606
2024-01-07 05:00:00,LOC_004,25.47398671316414,11.079453990998068,27.63928068609675,59.13330870099036,13.62412457924036,80.09740650312702,1.2405298693948252,40.55342770078707,-73.59017635916794,72.0,7.0,72.0,Moderate,2025-07-20 15:51:24.512606
2024-01-07 06:00:00,LOC_003,16.395866347160478,42.704001598545744,37.80653375475767,48.1473638531468,22.166831189642863,80.55207050110809,2.887246669693436,40.011389668088555,-73.62959953689416,46.0,28.0,46.0,Good,2025-07-20 15:51:24.512606
2024-01-07 07:00:00,LOC_003,21.154444557701748,27.00948740507133,37.34763555153931,30.25117181275096,16.966499325228657,48.192491625580494,7.6163429525612365,40.69650718347689,-73.94176824972034,60.0,18.0,60.0,Moderate,2025-07-20 15:51:24.512606
2024-01-07 08:00:00,LOC_001,35.0629280921444,17.45124746434568,20.034260988428926,39.41164790994356,17.811337482643744,55.766873824722154,7.661285359172686,40.37604179110916,-74.17520108461964,99.0,11.0,99.0,Moderate,2025-07-20 15:51:24.512606
2024-01-07 09:00:00,LOC_003,19.231081304768512,0.0,30.43947288799879,38.07567902746203,27.662429750405096,58.24235683895624,3.018925757415311,40.942609710158656,-74.20661032441703,54.0,0.0,54.0,Moderate,2025-07-20 15:51:24.512606
2024-01-07 10:00:00,LOC_001,33.35692112065142,34.58727642424046,24.32336116200662,43.97021565538693,9.59806280184102,39.442295000994626,7.855653906273038,40.81798477107721,-74.46658200529494,94.0,22.0,94.0,Moderate,2025-07-20 15:51:24.512606
2024-01-07 11:00:00,LOC_002,13.702931453423819,61.583773950046165,19.931960714597324,57.41201725757603,39.45195074276933,31.86408781466738,9.120022884316285,40.587694469531314,-73.6841791489747,39.0,40.0,40.0,Good,2025-07-20 15:51:24.512606
2024-01-07 12:00:00,LOC_003,30.29804177915283,59.91888821821805,28.263863596605038,50.55300449364884,1.7891393070550379,86.814173967631,5.317805384146778,40.25218198181927,-74.049616786961,86.0,39.0,86.0,Moderate,2025-07-20 15:51:24.512606
2024-01-07 13:00:00,LOC_002,39.415686206579004,28.14355615120592,27.53213769235344,27.0714870761829,14.02332316745143,44.4427551398104,1.2966125165900244,40.203717393277664,-74.17486707159973,111.0,18.0,111.0,Unhealthy for Sensitive Groups,2025-07-20 15:51:24.512606
2024-01-07 14:00:00,LOC_001,0.2835549987271051,25.966819094573292,49.41373189076418,56.51795740023445,23.70211889941741,44.39693422341788,1.6011074535768242,40.34038483767755,-74.02888964500225,1.0,17.0,17.0,Good,2025-07-20 15:51:24.512606
2024-01-07 15:00:00,LOC_004,17.031047445295233,42.031613841125356,33.46367860288557,43.75758568015787,25.843141664353098,35.002743226125574,1.8905228884398362,40.476567943580015,-73.68126200954535,48.0,27.0,48.0,Good,2025-07-20 15:51:24.512606
2024-01-07 16:00:00,LOC_003,30.7707212718054,20.024218412175628,18.979059993966104,48.244789550307,18.995242794282948,85.71046511662672,0.6210412721850301,40.29606551003895,-74.37538579229248,87.0,13.0,87.0,Moderate,2025-07-20 15:51:24.512606
2024-01-07 17:00:00,LOC_001,22.969546139570074,39.52687849729199,25.481807966632463,57.598490311343234,19.426092969984577,64.78422689638631,1.5952419294966105,40.51492949539248,-73.64234401175817,65.0,26.0,65.0,Moderate,2025-07-20 15:51:24.512606
2024-01-07 18:00:00,LOC_004,28.711458733713087,46.491204175770356,38.17106636343519,26.661037005837386,24.105500853276165,70.02221142752123,1.175569709046326,40.16537042551319,-73.60249116489165,81.0,30.0,81.0,Moderate,2025-07-20 15:51:24.512606
2024-01-07 19:00:00,LOC_004,18.960148132841795,53.403998358264616,46.7075421829594,39.57009305552244,17.689305225423197,84.69461323578315,3.0378643849081133,40.9777128128255,-73.55329208496612,54.0,35.0,54.0,Moderate,2025-07-20 15:51:24.512606
2024-01-07 20:00:00,LOC_002,25.865897874729,33.49768885280071,17.312133502096334,33.62254538368942,33.93181257934906,50.73721013404737,11.953670013039552,40.107924554964995,-74.10251200757737,73.0,22.0,73.0,Moderate,2025-07-20 15:51:24.512606
2024-01-07 21:00:00,LOC_001,23.443227646079205,31.94489374734551,14.96060491888764,21.18568689561453,28.393491142316023,67.29043866828505,0.5517553877433996,40.93194413965437,-74.28285959596232,66.0,21.0,66.0,Moderate,2025-07-20 15:51:24.512606
2024-01-07 22:00:00,LOC_004,36.67782061659807,21.830261198651584,44.967721402974256,44.160519731259036,28.728243510056345,32.327967283733244,6.369615025735596,40.91357801140269,-74.1263591815333,104.0,14.0,104.0,Unhealthy for Sensitive Groups,2025-07-20 15:51:24.512606
2024-01-07 23:00:00,LOC_003,27.54420843301213,22.5967946894021,33.11691341896723,70.13867861901309,10.33843276629583,41.20635169386776,5.812283324510085,40.5253604818195,-74.1670879037686,78.0,15.0,78.0,Moderate,2025-07-20 15:51:24.512606
2024-01-08 00:00:00,LOC_003,28.37602662075202,31.6028166214771,23.05365814498907,17.919067065930967,19.20611575594297,79.87474830539655,0.5032702570786806,40.72491027183609,-74.32384608749715,80.0,21.0,80.0,Moderate,2025-07-20 15:51:24.512606
2024-01-08 01:00:00,LOC_002,20.881230338775325,40.510482602242675,34.27703268897948,39.61263266740636,16.995340512792964,76.00610138030015,12.792060180809035,40.43604829797259,-73.89273332989852,59.0,26.0,59.0,Moderate,2025-07-20 15:51:24.512606
2024-01-08 02:00:00,LOC_004,20.123937759275066,48.703769393498746,8.914018087864978,47.68651522089728,9.943986243105343,51.03856148742881,4.202116745562906,40.63003457754244,-74.02337583949137,57.0,32.0,57.0,Moderate,2025-07-20 15:51:24.512606
2024-01-08 03:00:00,LOC_001,20.67441812180379,22.952315739794827,30.027004052777286,41.47693841987417,23.60164183945767,52.60863766645275,2.2606261910020944,40.34057593742112,-73.63429900767599,58.0,15.0,58.0,Moderate,2025-07-20 15:51:24.512606
2024-01-08 04:00:00,LOC_003,28.94452142378297,57.39032853439282,32.62256938274468,38.64246336981112,14.623542422201835,62.01326601321477,7.063984013970562,40.301159019785445,-74.46789041951794,82.0,37.0,82.0,Moderate,2025-07-20 15:51:24.512606
2024-01-08 05:00:00,LOC_004,20.79015519179737,30.933145984361467,37.39416111630264,24.409403638650108,26.55403829850237,30.01446028110807,1.4877561195714273,40.578229786169516,-73.85613207244488,59.0,20.0,59.0,Moderate,2025-07-20 15:51:24.512606
2024-01-08 06:00:00,LOC_004,27.89774856896413,34.67949058477346,21.888832381659697,42.79344091528196,9.298084371056683,44.47466016228167,5.912848094443427,40.49812967418398,-73.73705112148843,79.0,23.0,79.0,Moderate,2025-07-20 15:51:24.512606
2024-01-08 07:00:00,LOC_002,45.75400798645439,23.79182481278265,30.685497291226874,30.91883227580888,37.19040612841821,42.493908516492866,0.2026060715679061,40.579536369149984,-73.74051343081169,129.0,15.0,129.0,Unhealthy for Sensitive Groups,2025-07-20 15:51:24.512606
2024-01-08 08:00:00,LOC_003,33.711247034316926,0.0,22.5966029915233,13.720939540257362,11.036673414079383,45.02897680498581,9.144442630510808,40.28666058128702,-73.61392603290447,95.0,0.0,95.0,Moderate,2025-07-20 15:51:24.512606
2024-01-08 09:00:00,LOC_003,21.73976467832159,48.26068094541574,32.043070045394536,54.33510664616477,22.19302337200436,78.35435055200648,2.972583930425745,40.366957831817,-73.7709662571705,61.0,31.0,61.0,Moderate,2025-07-20 15:51:24.512606
2024-01-08 10:00:00,LOC_001,37.012139221639444,46.0526584563865,22.837229421095806,51.50062983810451,27.918593103880674,46.78043139278659,5.062534181943613,40.08389796062891,-73.57218993835231,105.0,30.0,105.0,Unhealthy for Sensitive Groups,2025-07-20 15:51:24.512606
2024-01-08 11:00:00,LOC_003,20.919246269784487,30.7800866432268,26.735193286718236,40.61993172221296,14.293595697998871,41.49127932300889,1.2502478415255556,40.0522763722722,-74.1673434001791,59.0,20.0,59.0,Moderate,2025-07-20 15:51:24.512606
2024-01-08 12:00:00,LOC_001,4.618754648221461,36.00486075837308,22.033476841678166,42.748896258468434,28.524686434329507,60.25580764758189,5.651655971843924,40.253457129673016,-73.99679058324845,13.0,23.0,23.0,Good,2025-07-20 15:51:24.512606
2024-01-08 13:00:00,LOC_003,14.919136890825959,42.73908826556149,35.20908993458926,52.891816152586735,7.708164021995838,81.93870218236393,7.3973202367320345,40.07424685933054,-74.48592033671711,42.0,28.0,42.0,Good,2025-07-20 15:51:24.512606
2024-01-08 14:00:00,LOC_002,6.292080789741444,11.561812146701861,36.86760893325332,42.69207588133699,34.521176991825605,44.48098223024999,3.2047967073859445,40.10377470863474,-74.49304241269671,18.0,8.0,18.0,Good,2025-07-20 15:51:24.512606
2024-01-08 15:00:00,LOC_003,21.484865159586914,27.064209839805578,28.12303544034069,50.84821065713577,20.141492649657582,34.71217456756792,4.808100336441001,40.81292840539394,-74.25987337954848,61.0,18.0,61.0,Moderate,2025-07-20 15:51:24.512606
2024-01-08 16:00:00,LOC_001,25.184183791895517,46.913970194327405,30.305903959680226,36.4302135895138,14.035885920311204,51.38428415097988,3.0470266817331297,40.03887369701669,-74.39919280286091,71.0,30.0,71.0,Moderate,2025-07-20 15:51:24.512606
2024-01-08 17:00:00,LOC_001,41.76437312275283,16.18565865246126,18.41126868293165,55.74380486288736,17.008182275725655,74.85910947389867,11.225892653570044,40.65894279393474,-74.23978863206425,118.0,11.0,118.0,Unhealthy for Sensitive Groups,2025-07-20 15:51:24.512606
2024-01-08 18:00:00,LOC_002,28.269273737641626,39.40336898249944,27.602586815945703,43.8494287111922,28.089192693927195,63.041432681687674,3.444472983273892,40.2725577488154,-74.3229567054716,80.0,26.0,80.0,Moderate,2025-07-20 15:51:24.512606
2024-01-08 19:00:00,LOC_003,22.808994711911357,14.651272930648926,29.598363063666042,42.32862332327049,14.155447081495618,79.00760217446086,9.219751379574996,40.871545680708124,-74.47147997516136,64.0,10.0,64.0,Moderate,2025-07-20 15:51:24.512606
2024-01-08 20:00:00,LOC_003,33.294055811834895,41.996449736502896,50.966344728239804,24.759266935455614,12.506423105772225,87.57552885655403,8.08110579032579,40.4849922845775,-73.59069585359396,94.0,27.0,94.0,Moderate,2025-07-20 15:51:24.512606
2024-01-08 21:00:00,LOC_002,2.8886469099211496,34.465377765537745,21.10426379380669,43.443470251620504,17.784634024162617,77.55974860509701,2.6424436887307055,40.305576459327824,-74.49177686861111,8.0,22.0,22.0,Good,2025-07-20 15:51:24.512606
2024-01-08 22:00:00,LOC_003,27.35614558108566,10.773022761417359,41.7134179100195,30.016540990066588,8.230378872300319,66.2281847306252,1.3073724992009117,40.51763893568943,-73.76391785566291,77.0,7.0,77.0,Moderate,2025-07-20 15:51:24.512606
2024-01-08 23:00:00,LOC_003,32.708651938869664,52.47109031685757,37.97487018772647,32.340607281658066,38.205439079418156,59.600495283142834,2.6050711974117826,40.38195801904527,-74.34785211308048,92.0,34.0,92.0,Moderate,2025-07-20 15:51:24.512606
2024-01-09 00:00:00,LOC_001,10.214137542201584,23.981126348029264,32.245091235921095,30.215492460206548,14.336054087852768,32.404145180896,8.749750234202317,40.56430106466983,-73.5877703780004,29.0,16.0,29.0,Good,2025-07-20 15:51:24.512606
2024-01-09 01:00:00,LOC_003,36.43754043206929,22.846213444784283,44.06896387356107,27.2051808172093,28.316167861804036,89.05931872884247,1.2914742616667565,40.11453286832635,-73.60720406041011,103.0,15.0,103.0,Unhealthy for Sensitive Groups,2025-07-20 15:51:24.512606
2024-01-09 02:00:00,LOC_003,28.38496407494414,38.008537958464146,32.97684378085491,65.49725683620355,22.094700836477728,53.008867354502556,3.7162726907457038,40.99699050281255,-73.84609885363075,80.0,25.0,80.0,Moderate,2025-07-20 15:51:24.512606
2024-01-09 03:00:00,LOC_002,20.847120860991986,52.22956024143073,33.11327356534343,55.976068743860836,10.154659495180319,39.133692835012006,8.201979725700102,40.425555877696716,-73.8277658501994,59.0,34.0,59.0,Moderate,2025-07-20 15:51:24.512606
2024-01-09 04:00:00,LOC_002,31.32781866106285,19.762672715324044,29.57503477585964,63.04441002573114,19.940452907872707,70.0025313237874,2.180736200608797,40.34823063970737,-74.49466085803031,88.0,13.0,88.0,Moderate,2025-07-20 15:51:24.512606
2024-01-09 05:00:00,LOC_004,47.70692857804396,35.92519774771957,39.78855105934902,25.325259765333232,27.84002779310748,47.05729734572756,5.139040211595745,40.71020984831627,-73.5151284338864,135.0,23.0,135.0,Unhealthy for Sensitive Groups,2025-07-20 15:51:24.512606
2024-01-09 06:00:00,LOC_001,26.818662550584953,41.432247504958596,38.77175387048707,40.85504499893071,18.117386649136936,65.14669625586285,1.4093720086588948,40.363899406495335,-73.62216739642419,76.0,27.0,76.0,Moderate,2025-07-20 15:51:24.512606
2024-01-09 07:00:00,LOC_003,27.48220586300336,45.39658410894716,24.994581700030302,24.47790849755085,31.931129458510277,65.20607447067547,0.5786226593451504,40.83327430502876,-73.60489377426991,78.0,29.0,78.0,Moderate,2025-07-20 15:51:24.512606
2024-01-09 08:00:00,LOC_003,20.40639100459756,37.64662332915838,19.446022443209863,31.65166147363523,30.21515392781864,56.74378925417215,7.908730110711854,40.45427072436043,-73.84075546294913,58.0,24.0,58.0,Moderate,2025-07-20 15:51:24.512606
2024-01-09 09:00:00,LOC_004,16.501556305352082,29.494582413750166,28.37615490083474,28.982476199001102,29.189148546583294,80.16711693270256,0.5210759889723601,40.71955841326543,-74.15521307134546,47.0,19.0,47.0,Good,2025-07-20 15:51:24.512606
2024-01-09 10:00:00,LOC_003,33.303358165442454,22.586146690269203,23.599691484818827,54.87500807729874,15.403432277270031,45.89802369332658,1.5830242978489664,40.10745321644189,-73.60635135090952,94.0,15.0,94.0,Moderate,2025-07-20 15:51:24.512606
2024-01-09 11:00:00,LOC_001,16.439161740911327,36.292158245695624,29.49180340307716,35.24524386277888,9.20157552218513,56.91795549706405,9.65888227953292,40.84611918555511,-74.2084830718488,46.0,24.0,46.0,Good,2025-07-20 15:51:24.512606
2024-01-09 12:00:00,LOC_004,25.715662372193925,18.917914820215895,39.899505077473115,52.82055200432819,13.864123946372056,62.261527715458286,2.126828747189617,40.73571798677811,-73.9372884566578,73.0,12.0,73.0,Moderate,2025-07-20 15:51:24.512606
2024-01-09 13:00:00,LOC_001,20.223425532348834,0.0,26.34158675930568,47.249450675062214,21.962409406667206,69.81748324603798,18.06799718371234,40.21171677846196,-74.40026902765612,57.0,0.0,57.0,Moderate,2025-07-20 15:51:24.512606
2024-01-09 14:00:00,LOC_004,29.789798257463918,41.54839706236502,29.6574129495074,67.64366502525746,25.457867135323553,77.03831103033536,19.494135965414326,40.14528600974579,-73.57804436986724,84.0,27.0,84.0,Moderate,2025-07-20 15:51:24.512606
2024-01-09 15:00:00,LOC_004,28.336621052869482,48.55902261629293,30.464181878467162,22.246669322323314,-1.7157140476044752,53.688436972695364,1.5617595662731285,40.316292348725625,-74.35922954222879,80.0,32.0,80.0,Moderate,2025-07-20 15:51:24.512606
2024-01-09 16:00:00,LOC_002,35.375399442578995,0.0,36.787447057642275,55.11079887744159,19.918867983882496,68.76281664579577,0.2092074777258201,40.9760705860319,-74.27510319426959,100.0,0.0,100.0,Moderate,2025-07-20 15:51:24.512606
2024-01-09 17:00:00,LOC_001,19.89983601145253,19.854039429350937,12.024885328123158,53.75729044480873,21.580892253231845,39.03665718411115,6.104972341928541,40.25683157456706,-73.94186584187179,56.0,13.0,56.0,Moderate,2025-07-20 15:51:24.512606
2024-01-09 18:00:00,LOC_003,22.301250647066286,44.287313915077966,25.146397641877627,28.319453943675583,17.224557436844485,85.95888603254872,2.998161262174139,40.45612720894663,-73.73590699978702,63.0,29.0,63.0,Moderate,2025-07-20 15:51:24.512606
2024-01-09 19:00:00,LOC_003,15.212362842176926,65.86243204567548,31.690269538235782,52.085600037677914,32.91273839015879,52.983528385260215,0.5309867950099082,40.03002022571734,-73.8806486940637,43.0,43.0,43.0,Good,2025-07-20 15:51:24.512606
2024-01-09 20:00:00,LOC_001,20.557067399238882,35.31190561513112,39.600631651414886,44.03373955631474,24.217800742508707,73.77128531858631,6.146843144767957,40.39722752956623,-74.26786608719985,58.0,23.0,58.0,Moderate,2025-07-20 15:51:24.512606
2024-01-09 21:00:00,LOC_003,28.773004930448522,24.07995588156298,26.06478041995036,37.2702848805591,33.10191908080897,31.22046491293066,0.15835594071890102,40.5713200154331,-74.4990569574725,81.0,16.0,81.0,Moderate,2025-07-20 15:51:24.512606
2024-01-09 22:00:00,LOC_003,32.56988616645352,32.256553383427395,14.987578351665007,30.112774156336005,17.840394796497677,42.31122857428842,10.20867489029543,40.95312461250796,-73.74284941969256,92.0,21.0,92.0,Moderate,2025-07-20 15:51:24.512606
2024-01-09 23:00:00,LOC_001,15.778346758223746,55.623146287222774,34.95769156772909,31.37068658260977,29.37477492506925,59.22495265941468,0.7462864465715479,40.51673604494007,-73.51479267408891,45.0,36.0,45.0,Good,2025-07-20 15:51:24.512606
2024-01-10 00:00:00,LOC_004,33.6960592010566,25.31053731313197,24.917100889394966,64.59774514943112,36.350663945275194,82.69514806394079,0.6808851819741167,40.819107326177686,-73.69008687969391,95.0,16.0,95.0,Moderate,2025-07-20 15:51:24.512606
2024-01-10 01:00:00,LOC_001,38.55637858804951,23.012119900246198,20.48266672727711,40.00819382748979,33.116934492726614,61.635308997040624,0.9659356574647305,40.5471276425689,-74.03979338184338,109.0,15.0,109.0,Unhealthy for Sensitive Groups,2025-07-20 15:51:24.512606
2024-01-10 02:00:00,LOC_004,29.134349032237008,27.758847167269515,25.005236882294206,49.38556001837751,9.078584065712668,85.79222893763274,16.127785284884624,40.04078501343552,-73.59623273860089,82.0,18.0,82.0,Moderate,2025-07-20 15:51:24.512606
2024-01-10 03:00:00,LOC_003,43.76795812558066,20.700070876119312,28.523797138753203,30.509207419989362,17.463239224576192,59.027813794967784,5.907296728405438,40.315008275189776,-74.09015232688165,124.0,13.0,124.0,Unhealthy for Sensitive Groups,2025-07-20 15:51:24.512606
2024-01-10 04:00:00,LOC_003,17.26210800896427,36.84005473992193,25.1620426836943,30.641764645340334,16.548352945502035,59.426945804157,8.08159605838844,40.575549507831106,-73.97506591575653,49.0,24.0,49.0,Good,2025-07-20 15:51:24.512606
2024-01-10 05:00:00,LOC_003,12.55345296688583,59.370176877043406,12.355471543207447,52.983817710999304,24.892545350763278,37.184807310031914,2.5344584071430387,40.95059396593113,-74.02287023260432,35.0,39.0,39.0,Good,2025-07-20 15:51:24.512606
2024-01-10 06:00:00,LOC_002,7.212797510957213,39.84618909674044,37.17652957509706,23.805085461381616,26.86353555014533,78.15937464913318,2.049721078037022,40.859130359751234,-74.05237612733447,20.0,26.0,26.0,Good,2025-07-20 15:51:24.512606
2024-01-10 07:00:00,LOC_004,39.96044311489183,31.214697468105687,40.19900033022978,35.01743478513674,11.611073259742637,44.81792474802375,1.3360258579604438,40.228355614178845,-73.7248092307061,113.0,20.0,113.0,Unhealthy for Sensitive Groups,2025-07-20 15:51:24.512606
2024-01-10 08:00:00,LOC_002,31.543656563540576,30.62283096626684,35.21217593071604,40.40832893286679,20.678385139169375,83.97674936233891,3.275867264315258,40.22010983001916,-73.97323109273052,89.0,20.0,89.0,Moderate,2025-07-20 15:51:24.512606
2024-01-10 09:00:00,LOC_002,24.44415329089545,11.552137869550144,20.89851463660147,41.33647122208063,-0.19927332156136401,84.64945321982377,4.012899142017238,40.2011729671139,-74.18328287797479,69.0,8.0,69.0,Moderate,2025-07-20 15:51:24.512606
2024-01-10 10:00:00,LOC_001,27.799686263198204,48.246646657207386,28.388067728419855,37.85088057980612,34.419450058018896,86.59860671244898,4.995303450047908,40.9224988963025,-74.24184183234152,79.0,31.0,79.0,Moderate,2025-07-20 15:51:24.512606
2024-01-10 11:00:00,LOC_002,13.745109527016234,33.83244204480797,29.947829478164337,44.74983737315108,14.876257593233063,61.2138293461854,1.4860937046330227,40.85266615310172,-74.46225268303256,39.0,22.0,39.0,Good,2025-07-20 15:51:24.512606
2024-01-10 12:00:00,LOC_001,49.45751979616826,32.29280129614062,34.790355116495284,48.31426906981374,20.55863939844497,70.62562708701867,14.845849090365855,40.77488343225295,-73.91680483811696,140.0,21.0,140.0,Unhealthy for Sensitive Groups,2025-07-20 15:51:24.512606
2024-01-10 13:00:00,LOC_001,26.292211819752275,82.8966135176729,35.34672390974465,48.81565054551196,16.90350286011939,76.71095280369981,0.9301932724919808,40.39273511422423,-74.27003858459896,74.0,54.0,74.0,Moderate,2025-07-20 15:51:24.512606
2024-01-10 14:00:00,LOC_002,26.093947946048928,39.48129362548529,24.126609609772032,28.17035429598608,31.46027575013415,37.86087711902793,16.85622844321864,40.50438070429877,-74.35186607798362,74.0,26.0,74.0,Moderate,2025-07-20 15:51:24.512606
2024-01-10 15:00:00,LOC_004,32.25766623898692,23.723134248572237,30.655964451308485,36.590138824854435,-8.375064413973789,66.05743169984984,0.07483789978357516,40.46433174479515,-73.84617003617232,91.0,15.0,91.0,Moderate,2025-07-20 15:51:24.512606
2024-01-10 16:00:00,LOC_004,29.810092317367133,28.60463605691685,33.658243236921926,54.33715434252325,19.83389657674091,32.0578740781987,3.2804680295569026,40.25339810755937,-73.81879074217845,84.0,19.0,84.0,Moderate,2025-07-20 15:51:24.512606
2024-01-10 17:00:00,LOC_004,27.238840242791312,52.22668563795132,41.64657857717413,50.73576625088647,18.94181242502302,59.85396500332355,2.0275843331122867,40.505028046148766,-73.74784510774234,77.0,34.0,77.0,Moderate,2025-07-20 15:51:24.512606
2024-01-10 18:00:00,LOC_004,17.095255445546883,36.69905615806647,35.636052318597784,23.525686582227234,15.463636124083173,39.290560897213645,2.9812223832073412,40.030496547852756,-73.99642310366141,48.0,24.0,48.0,Good,2025-07-20 15:51:24.512606
2024-01-10 19:00:00,LOC_004,29.714683571359956,13.425830325239499,36.31245349900415,44.21775880422642,37.262265456356324,40.97537555772508,4.227583991876923,40.13181037349746,-73.60594539479611,84.0,9.0,84.0,Moderate,2025-07-20 15:51:24.512606
2024-01-10 20:00:00,LOC_002,43.82024496475034,48.78843401862805,30.67061302343489,16.26129700750228,11.126705411442288,51.90285400155609,2.859864247151016,40.886589596168946,-73.56365724660178,124.0,32.0,124.0,Unhealthy for Sensitive Groups,2025-07-20 15:51:24.512606
2024-01-10 21:00:00,LOC_002,38.454200461549775,24.97783871691509,41.28367316162803,40.56321882472444,27.71796177235661,55.94623000299018,2.6794083582809773,40.751679767031426,-73.69262906020751,109.0,16.0,109.0,Unhealthy for Sensitive Groups,2025-07-20 15:51:24.512606
2024-01-10 22:00:00,LOC_003,40.93186626639397,63.099466643263185,33.27810236767598,62.773204200951724,23.562527887060835,67.39034547193123,6.597356297124191,40.422868409059085,-73.86440651799181,116.0,41.0,116.0,Unhealthy for Sensitive Groups,2025-07-20 15:51:24.512606
2024-01-10 23:00:00,LOC_004,19.88784323568815,51.20072098571973,23.111296718611435,28.625287392772165,32.615192525355155,34.46570510631094,5.789841711478136,40.51715036228388,-74.1962790464088,56.0,33.0,56.0,Moderate,2025-07-20 15:51:24.512606
2024-01-11 00:00:00,LOC_002,15.103951797414192,28.290171565118733,41.226959761001524,29.988123454101014,13.328109152224947,60.22150567424668,8.956936153662442,40.36999888595998,-73.51705507837978,43.0,18.0,43.0,Good,2025-07-20 15:51:24.512606
2024-01-11 01:00:00,LOC_003,23.74213079900352,54.2152454260267,35.583226180312224,49.16835737887431,12.670311008762411,40.95750781518607,1.438136911333219,40.740779867160676,-74.22586383280806,67.0,35.0,67.0,Moderate,2025-07-20 15:51:24.512606
2024-01-11 02:00:00,LOC_004,25.557249122886947,36.01783265791105,26.45564783097214,21.48638181748425,30.960699074773984,64.43851050190452,4.702001603503519,40.78418717923208,-74.29734307800958,72.0,23.0,72.0,Moderate,2025-07-20 15:51:24.512606
2024-01-11 03:00:00,LOC_001,35.94191518470949,47.79160512683329,26.164056260806053,32.40693964137953,24.253213083301105,68.24427673567101,4.3997311566443225,40.763285190203156,-74.05784588621341,102.0,31.0,102.0,Unhealthy for Sensitive Groups,2025-07-20 15:51:24.512606
2024-01-11 04:00:00,LOC_003,8.075353702851807,42.27099225941712,32.37260436112609,47.15729365098103,4.550626533232414,63.402555393171234,2.308096864773292,40.72261172483445,-74.44315942928762,23.0,27.0,27.0,Good,2025-07-20 15:51:24.512606
2024-01-11 05:00:00,LOC_002,40.29550319460614,22.3046501751369,33.70547836214068,32.38856982772716,14.606949855367297,74.29773062869846,3.3282198451038,40.20450433869279,-73.5215055353282,114.0,14.0,114.0,Unhealthy for Sensitive Groups,2025-07-20 15:51:24.512606
2024-01-11 06:00:00,LOC_001,23.419921014210107,25.34675251523807,31.57833812504965,37.16836015346834,23.86382653848061,50.13655465445408,1.8828006315827548,40.33796997924048,-73.91156644358358,66.0,16.0,66.0,Moderate,2025-07-20 15:51:24.512606
2024-01-11 07:00:00,LOC_001,20.7311893005258,50.44941226371742,32.49046938754308,48.930228523780414,28.37764221546589,75.90639549798786,0.7648492058910128,40.469845434983675,-73.94304790833583,59.0,33.0,59.0,Moderate,2025-07-20 15:51:24.512606
2024-01-11 08:00:00,LOC_001,14.878956247398325,29.978370018401886,43.59965899661104,45.058553002438735,13.207693468070449,55.96602490249162,1.2027280294355398,40.33079299142766,-73.84420372010028,42.0,19.0,42.0,Good,2025-07-20 15:51:24.512606
2024-01-11 09:00:00,LOC_003,8.451433281342307,28.945273051370048,38.57234521787909,43.20182075554482,-9.14255989816941,59.05106989935581,0.5575281602411379,40.75494020015833,-74.00297635222279,24.0,19.0,24.0,Good,2025-07-20 15:51:24.512606
2024-01-11 10:00:00,LOC_002,33.231705839619146,20.673161309759706,31.525084730120195,35.93053264875954,25.23223185737033,68.88612763566428,5.745365046445831,40.32935352424995,-74.46793648290546,94.0,13.0,94.0,Moderate,2025-07-20 15:51:24.512606
2024-01-11 11:00:00,LOC_001,25.733179671884038,41.353985983901914,37.53048464613987,44.44073338322747,7.796793100560242,31.10150303995344,5.404756723183329,40.13823208678534,-73.8876887111596,73.0,27.0,73.0,Moderate,2025-07-20 15:51:24.512606
2024-01-11 12:00:00,LOC_004,12.100391002589461,65.93787378864718,21.739808771779686,38.51520783880292,-0.17338798122411347,69.2396532852149,15.03966921228232,40.399040452048304,-73.78382612304357,34.0,43.0,43.0,Good,2025-07-20 15:51:24.512606
2024-01-11 13:00:00,LOC_001,12.04921227936384,18.987006286185906,33.18341639957447,45.49366731910942,-8.323259249841406,67.11510894432692,6.540714840839524,40.97991443278238,-74.08325093937594,34.0,12.0,34.0,Good,2025-07-20 15:51:24.512606
2024-01-11 14:00:00,LOC_001,21.642153007098717,35.36329185009137,44.47445079786488,34.03681569858426,28.139808601977414,48.59082700519679,0.26724565507223536,40.225881412933575,-73.74270442792881,61.0,23.0,61.0,Moderate,2025-07-20 15:51:24.512606
2024-01-11 15:00:00,LOC_003,41.69021525289393,56.18330833123144,28.25563283686101,37.80917230744551,21.286174504049665,35.14765709396937,10.781404464833193,40.61215865894323,-74.27299870066157,118.0,36.0,118.0,Unhealthy for Sensitive Groups,2025-07-20 15:51:24.512606
2024-01-11 16:00:00,LOC_003,22.40408648636395,33.805379131314275,23.21892857104732,28.120506489375835,17.743436192877482,35.456126994782466,9.927030431620803,40.43297304983971,-74.27872340893381,63.0,22.0,63.0,Moderate,2025-07-20 15:51:24.512606
2024-01-11 17:00:00,LOC_002,9.968570468818939,41.78557694374601,24.783288891255516,39.57990867992517,33.89024362962762,85.3934248191137,2.928826433276148,40.071024567649324,-74.33858301231243,28.0,27.0,28.0,Good,2025-07-20 15:51:24.512606
2024-01-11 18:00:00,LOC_004,22.542569359140558,19.064097077796802,21.282935701260893,30.267989636453862,26.373246830230727,71.35675927355022,4.4077928201571135,40.48787660599806,-74.12800524021084,64.0,12.0,64.0,Moderate,2025-07-20 15:51:24.512606
2024-01-11 19:00:00,LOC_003,22.272764302523296,41.42460645811473,23.721904734978374,26.63144259805608,36.16300042721917,37.626156826244426,18.664853198210917,40.702164328648315,-73.65298796461092,63.0,27.0,63.0,Moderate,2025-07-20 15:51:24.512606
2024-01-11 20:00:00,LOC_001,0.0,32.192836024931765,27.035935211279767,43.10393377426466,6.072645278330036,51.40339015853438,3.799687723683861,40.513219975827816,-73.67208793785093,0.0,21.0,21.0,Good,2025-07-20 15:51:24.512606
2024-01-11 21:00:00,LOC_002,24.457051334821877,49.78594993519795,18.755463846570862,42.552877310291926,19.654493760460365,65.54897963409579,11.786359028174376,40.87210606374658,-74.11717579203649,69.0,32.0,69.0,Moderate,2025-07-20 15:51:24.512606
2024-01-11 22:00:00,LOC_001,22.69065469791322,52.81079077347127,30.124946671596824,49.39448481938287,3.8328662505198565,80.13430230543892,0.4334503674848275,40.288937016657584,-73.91088126401976,64.0,34.0,64.0,Moderate,2025-07-20 15:51:24.512606
2024-01-11 23:00:00,LOC_001,31.962063648134183,73.84345463027921,37.21821739029318,34.82649316509881,17.706176681445328,32.619655722780514,1.0601023928785767,40.08624917130396,-73.77918368352509,90.0,48.0,90.0,Moderate,2025-07-20 15:51:24.512606
2024-01-12 00:00:00,LOC_003,43.48956094945345,43.69449759820363,22.737950558824636,44.89663416204107,17.513841462333225,44.19798788820053,2.9058375903162315,40.936565611658004,-74.25879322537197,123.0,28.0,123.0,Unhealthy for Sensitive Groups,2025-07-20 15:51:24.512606
2024-01-12 01:00:00,LOC_002,36.26565029547757,39.886944748732496,42.15427138913415,46.609570867283956,26.266136372630708,83.38493941772279,4.394454631891216,40.37819634952822,-74.33185891410525,102.0,26.0,102.0,Unhealthy for Sensitive Groups,2025-07-20 15:51:24.512606
2024-01-12 02:00:00,LOC_004,22.311113094451695,37.91576452366004,34.086336708220756,45.33728569397914,20.455638811418982,30.54993301102899,8.470293070364205,40.57640555145363,-73.5279040067877,63.0,25.0,63.0,Moderate,2025-07-20 15:51:24.512606
2024-01-12 03:00:00,LOC_004,13.934740912583298,29.702505607839676,38.24464468499246,30.092155806374294,26.234071382799158,42.08394616763324,22.224668231662072,40.7920031261302,-73.88244268679038,39.0,19.0,39.0,Good,2025-07-20 15:51:24.512606
2024-01-12 04:00:00,LOC_003,50.733598032498605,40.077257651925365,24.737323569182905,41.792361787254265,27.034401331388942,87.54145055837796,2.462076496909344,40.32431366387558,-73.51858427816633,143.0,26.0,143.0,Unhealthy for Sensitive Groups,2025-07-20 15:51:24.512606
2024-01-12 05:00:00,LOC_003,25.592184340144883,30.568978847914558,36.83620181653293,44.369683552655935,41.54928677383142,66.80411079133026,0.2428830246096034,40.71616453817761,-74.16224401286777,72.0,20.0,72.0,Moderate,2025-07-20 15:51:24.512606
2024-01-12 06:00:00,LOC_002,25.139292919129463,37.52691464404421,21.264528796837496,40.0861416028953,16.847033447138756,45.70028199825039,8.076563257237442,40.135418849817825,-73.79696830002587,71.0,24.0,71.0,Moderate,2025-07-20 15:51:24.512606
2024-01-12 07:00:00,LOC_004,24.758749128899968,54.7639630341194,37.12198000669207,14.962268099546982,10.58977299333621,34.01946566375086,4.6365147100285355,40.29129374720551,-74.27739636345876,70.0,36.0,70.0,Moderate,2025-07-20 15:51:24.512606
2024-01-12 08:00:00,LOC_004,26.980847607678548,19.901861520805383,31.37471471834825,41.92587548768176,22.460836153164088,31.69148042683333,1.1066189084252518,40.14471063613652,-74.23879982872609,76.0,13.0,76.0,Moderate,2025-07-20 15:51:24.512606
2024-01-12 09:00:00,LOC_004,23.556395880760576,52.09817841693568,34.42600975987827,66.55037247276691,11.977199728604566,44.68470477821563,3.414286087648706,40.811230558401355,-73.98809787873037,67.0,34.0,67.0,Moderate,2025-07-20 15:51:24.512606
2024-01-12 10:00:00,LOC_001,19.263379931197637,54.75672601009798,20.595243155001185,35.67952877491621,34.81960768436536,82.88914917533464,6.779994598574826,40.22264923522678,-74.18038187449193,54.0,36.0,54.0,Moderate,2025-07-20 15:51:24.512606
2024-01-12 11:00:00,LOC_004,19.531410587596078,33.22897209513382,22.83944126178716,31.263074825736147,17.167819610547674,54.95481925785057,7.357339766307602,40.71740355540521,-74.33237843615942,55.0,22.0,55.0,Moderate,2025-07-20 15:51:24.512606
2024-01-12 12:00:00,LOC_001,24.672467297840015,3.172176514871083,34.77782574602708,44.48018271653678,14.344236321260096,73.22000214995958,3.4619214781409595,40.943298397245655,-74.23711929801067,70.0,2.0,70.0,Moderate,2025-07-20 15:51:24.512606
2024-01-12 13:00:00,LOC_002,19.565752288662352,25.882670193583515,22.413215966206394,43.74853852559886,15.286842788488821,85.09710212279747,1.8207607875606309,40.52777220906888,-74.46425160553413,55.0,17.0,55.0,Moderate,2025-07-20 15:51:24.512606
2024-01-12 14:00:00,LOC_001,17.871542173228356,54.454918198416635,33.705650336792985,54.31282198499697,27.18417423471641,54.482427696169,18.199033704277433,40.54002919226069,-73.79557637852251,50.0,35.0,50.0,Good,2025-07-20 15:51:24.512606
2024-01-12 15:00:00,LOC_002,26.06430227691897,34.656979065516765,19.062897548318034,24.905582129093347,18.422530167685146,41.47664226224382,5.443744624167853,40.46103356809781,-74.00788334291414,74.0,23.0,74.0,Moderate,2025-07-20 15:51:24.512606
2024-01-12 16:00:00,LOC_004,22.450227825791448,20.01046651557634,36.78539370133335,48.77656303089991,13.583331798696177,61.02707585141517,2.6232496985922014,40.32589014339364,-74.40575693359547,63.0,13.0,63.0,Moderate,2025-07-20 15:51:24.512606
2024-01-12 17:00:00,LOC_004,40.039929885826886,27.428376181576738,20.139813481851927,47.08506473501756,36.65351917623531,84.48502122359127,1.6457382048613476,40.47565503092492,-74.32830600687151,113.0,18.0,113.0,Unhealthy for Sensitive Groups,2025-07-20 15:51:24.512606
2024-01-12 18:00:00,LOC_002,0.0,47.6093003975683,34.418399501436184,38.294241556713445,11.4383015933825,78.26246484826203,6.5671340456267355,40.60280753226676,-74.39746546188735,0.0,31.0,31.0,Good,2025-07-20 15:51:24.512606
2024-01-12 19:00:00,LOC_003,35.91506851922462,43.20100352302069,35.005047469168005,44.06424781506028,20.355660740329935,33.949790601789225,1.3865696764311988,40.98599157217066,-73.88740719172412,101.0,28.0,101.0,Unhealthy for Sensitive Groups,2025-07-20 15:51:24.512606
2024-01-12 20:00:00,LOC_002,37.46085192497629,31.416018512454585,24.4258254525634,52.353489779180286,26.523061516102302,71.55436800465492,0.9419596552954859,40.937764559318225,-74.40578963638751,106.0,20.0,106.0,Unhealthy for Sensitive Groups,2025-07-20 15:51:24.512606
2024-01-12 21:00:00,LOC_003,4.266097675918505,29.497633822779687,34.65621253667781,50.4677845603414,3.6866488958292685,64.31385134753722,3.773346094893144,40.86215295829312,-73.74571766696478,12.0,19.0,19.0,Good,2025-07-20 15:51:24.512606
2024-01-12 22:00:00,LOC_001,21.573124059196513,29.12362776434267,32.08353810666845,26.283768255115255,24.80260501405925,84.44779058078552,1.7123627613259496,40.88913053570486,-74.47948908067961,61.0,19.0,61.0,Moderate,2025-07-20 15:51:24.512606
2024-01-12 23:00:00,LOC_001,21.285591340042085,21.163847232522464,25.689265150458095,49.84189824106581,9.448923245195505,37.348885011017835,4.9564878749670385,40.467849183292046,-74.25062421200411,60.0,14.0,60.0,Moderate,2025-07-20 15:51:24.512606
2024-01-13 00:00:00,LOC_001,10.924883052821787,59.23063534204162,21.931562527390334,39.22373673960978,28.227827808340024,62.042166792279396,0.6274684788568368,40.657444327177465,-73.60933332410809,31.0,38.0,38.0,Good,2025-07-20 15:51:24.512606
2024-01-13 01:00:00,LOC_004,17.221833124091248,30.165192961829902,14.298994466619368,40.87448917618619,10.373489880810236,82.76776161071353,5.320200825606211,40.895066722936214,-73.78146868187775,49.0,20.0,49.0,Good,2025-07-20 15:51:24.512606
2024-01-13 02:00:00,LOC_001,13.894241545341712,53.257377812382444,32.79720037839755,40.87836389202033,26.927690318488605,54.60142720450458,1.665465457824755,40.392950764991355,-74.42703166707432,39.0,35.0,39.0,Good,2025-07-20 15:51:24.512606
2024-01-13 03:00:00,LOC_003,42.52270443423623,57.819740778836774,17.481577829103557,38.197084134420884,31.058330662947128,58.91969506397203,0.0012148197393121848,40.96176247834547,-73.67887389551483,120.0,38.0,120.0,Unhealthy for Sensitive Groups,2025-07-20 15:51:24.512606
2024-01-13 04:00:00,LOC_001,34.35678393147461,49.974663472219405,30.762753595530466,54.30048996528478,28.61436525632805,34.2276406600175,0.6787324073264738,40.41578606206918,-74.0069648784598,97.0,32.0,97.0,Moderate,2025-07-20 15:51:24.512606
2024-01-13 05:00:00,LOC_002,37.71555094994159,28.525695309229274,27.892414271342005,38.99538448180945,22.513166482381024,46.68861842693465,13.561449216118886,40.601082665393214,-73.65321697283117,107.0,19.0,107.0,Unhealthy for Sensitive Groups,2025-07-20 15:51:24.512606
2024-01-13 06:00:00,LOC_002,32.21672064043235,41.05595135504914,35.43314220350556,26.565446459401976,17.686990570703006,49.47039895013684,10.100380858048508,40.70980471327237,-73.89926022554961,91.0,27.0,91.0,Moderate,2025-07-20 15:51:24.512606
2024-01-13 07:00:00,LOC_004,13.709482287827708,34.63706590413626,27.583636004081086,35.27764172836326,14.23580423665156,86.70734692469321,1.330314187054484,40.95059201307594,-73.81816696796714,39.0,22.0,39.0,Good,2025-07-20 15:51:24.512606
2024-01-13 08:00:00,LOC_002,19.754797337202262,21.444472089048077,27.364417709223268,42.144336601725705,34.71034690817104,46.96004163246954,7.533772738017409,40.24461627405227,-73.50649843960429,56.0,14.0,56.0,Moderate,2025-07-20 15:51:24.512606
2024-01-13 09:00:00,LOC_003,29.89374561227918,39.865389225824046,35.85496563430637,54.750577411564606,13.005047798323568,57.652124116179124,4.689763245864377,40.74613097823864,-74.26766445407598,84.0,26.0,84.0,Moderate,2025-07-20 15:51:24.512606
2024-01-13 10:00:00,LOC_001,12.778721911080545,17.314403132602962,32.68046423267294,47.237136219386,9.62933926430004,70.27826541385679,17.685895117032974,40.52081558614408,-73.8760544252386,36.0,11.0,36.0,Good,2025-07-20 15:51:24.512606
2024-01-13 11:00:00,LOC_004,32.12998430172388,52.815190826923455,32.52924765746223,29.793576655035473,26.6536893503283,39.73100234447264,2.3388758468120914,40.26855714062064,-74.0396786099426,91.0,34.0,91.0,Moderate,2025-07-20 15:51:24.512606
2024-01-13 12:00:00,LOC_001,22.59674601841865,28.030740540524103,33.75414071846821,69.8222790001467,12.038631968135046,59.18654322851247,5.720045730248468,40.77660683979639,-74.46054804707731,64.0,18.0,64.0,Moderate,2025-07-20 15:51:24.512606
2024-01-13 13:00:00,LOC_001,21.251791924504026,38.01739483809259,17.715423014343152,43.177303731735755,10.499365025338728,74.31234236855445,0.3282195121597226,40.552222280173844,-74.48552935849713,60.0,25.0,60.0,Moderate,2025-07-20 15:51:24.512606
2024-01-13 14:00:00,LOC_003,32.10959968203491,39.24931807319213,36.05430943989585,55.304688855988175,5.5639573783023515,82.01131278162396,2.522953397590112,40.66097382064967,-74.38077142218214,91.0,25.0,91.0,Moderate,2025-07-20 15:51:24.512606
2024-01-13 15:00:00,LOC_002,29.4426331148604,31.11642539443884,34.89975035210882,38.17942679707325,15.170901605394823,67.5755564797456,16.595920786641003,40.3229010685779,-73.85090825946145,83.0,20.0,83.0,Moderate,2025-07-20 15:51:24.512606
2024-01-13 16:00:00,LOC_002,21.3903383418092,43.80040702212912,21.86653497138802,46.400310936465395,19.172849761035067,70.14321091901687,3.871578748765201,40.4812739518276,-73.93283691208661,60.0,28.0,60.0,Moderate,2025-07-20 15:51:24.512606
2024-01-13 17:00:00,LOC_001,36.59329803364248,27.876445150662136,28.047356210606388,50.073622054220856,22.430917276606987,37.577008355074135,1.6975407249992245,40.617354250988065,-73.94657043883628,103.0,18.0,103.0,Unhealthy for Sensitive Groups,2025-07-20 15:51:24.512606
2024-01-13 18:00:00,LOC_004,14.189366724001026,48.06945946185866,29.685541698978952,54.61833654105107,29.513062442994833,86.74658983478082,0.6407066578543061,40.40491081426985,-74.46814323747174,40.0,31.0,40.0,Good,2025-07-20 15:51:24.512606
2024-01-13 19:00:00,LOC_002,31.159356069442637,14.810304796298773,28.924025724786137,52.6884196645387,25.268979236657938,37.95444464906894,6.079018237562055,40.1983725398477,-74.03069700363999,88.0,10.0,88.0,Moderate,2025-07-20 15:51:24.512606
2024-01-13 20:00:00,LOC_004,30.931012579683838,36.89569369319618,32.67087973254828,50.466364000875735,18.091277804468202,76.4803762309079,5.176160301193583,40.961640492315304,-73.57537718215747,87.0,24.0,87.0,Moderate,2025-07-20 15:51:24.512606
2024-01-13 21:00:00,LOC_002,21.904535606860097,64.08393498587427,41.45093425464947,36.218959225670694,18.0180432362028,45.88897930669913,2.341535055413361,40.51146754004262,-74.10240813068935,62.0,42.0,62.0,Moderate,2025-07-20 15:51:24.512606
2024-01-13 22:00:00,LOC_004,28.26133022242118,19.99503013091638,38.65413382138263,33.13904749652726,25.101574689151835,86.01558862207509,15.073693979444274,40.7339203702877,-73.87507753021154,80.0,13.0,80.0,Moderate,2025-07-20 15:51:24.512606
2024-01-13 23:00:00,LOC_003,12.48886423614697,24.833825442127228,19.50224645254875,43.99129012389037,32.725701629285695,73.19757236216877,0.11226502847869675,40.41104719355606,-73.72018132437685,35.0,16.0,35.0,Good,2025-07-20 15:51:24.512606
2024-01-14 00:00:00,LOC_004,34.24027019206901,42.708617744883725,34.97655992244839,51.19753686809283,21.263141994832,75.22882277870214,1.8100446622064668,40.355131764025714,-73.71607472085812,97.0,28.0,97.0,Moderate,2025-07-20 15:51:24.512606
2024-01-14 01:00:00,LOC_003,23.15097863557011,37.69372672909397,40.63146655628328,37.32735159068071,15.308691457895911,43.143550383592995,12.695936934896046,40.40716429846712,-73.98071991760473,65.0,24.0,65.0,Moderate,2025-07-20 15:51:24.512606
2024-01-14 02:00:00,LOC_003,19.772769794809605,40.25945148910339,33.09446816551362,52.78206358857264,10.071339989144546,56.58239859810965,1.9351953623353222,40.40919664378565,-73.64204805459767,56.0,26.0,56.0,Moderate,2025-07-20 15:51:24.512606
2024-01-14 03:00:00,LOC_004,35.49009225836889,42.337806952214954,38.72784340148773,57.431400945834156,5.547947355877746,67.06879167535718,1.4534518566117547,40.544180115941955,-74.10862190663626,100.0,27.0,100.0,Moderate,2025-07-20 15:51:24.512606
2024-01-14 04:00:00,LOC_003,17.95656309457241,44.52082202842655,46.09816356560612,29.004148971118966,26.662696720435232,76.19841709239606,3.8202136971658236,40.543469869981365,-73.6113067852152,51.0,29.0,51.0,Moderate,2025-07-20 15:51:24.512606
2024-01-14 05:00:00,LOC_001,10.915387036364404,51.645497629343346,38.18967636885585,29.956951554444643,25.779785236395572,36.23756255474338,8.680727484869857,40.497153815882875,-74.25977283360446,31.0,34.0,34.0,Good,2025-07-20 15:51:24.512606
2024-01-14 06:00:00,LOC_003,9.433708264760963,41.147279853927685,31.99446876513383,38.315499293135964,25.773635251066615,87.7419189872717,0.5443152166438283,40.13478578491744,-74.21978359300942,27.0,27.0,27.0,Good,2025-07-20 15:51:24.512606
2024-01-14 07:00:00,LOC_002,31.060099513456397,31.381135180721863,38.36070779267803,43.69135201827036,18.713405536479442,83.41324023327337,14.325337021425268,40.49607547850053,-74.446879375801,88.0,20.0,88.0,Moderate,2025-07-20 15:51:24.512606
2024-01-14 08:00:00,LOC_004,12.19570647503717,45.08860551804097,31.15910266477513,33.70519583479539,34.069347458917505,46.22091542973506,7.92550440506059,40.16910390042065,-73.70441816345772,34.0,29.0,34.0,Good,2025-07-20 15:51:24.512606
2024-01-14 09:00:00,LOC_001,42.54794181984364,63.49822902342824,30.191224346279643,56.226432146405735,15.158815054151823,79.36561458193992,0.999884020783785,40.12613578629576,-74.0829447637673,120.0,41.0,120.0,Unhealthy for Sensitive Groups,2025-07-20 15:51:24.512606
2024-01-14 10:00:00,LOC_004,4.1807059211627795,33.010493804261394,27.18868611429014,45.08880233822141,29.552692372072055,61.0994353823894,6.224112211387216,40.93264571734117,-74.2708833860886,12.0,21.0,21.0,Good,2025-07-20 15:51:24.512606
2024-01-14 11:00:00,LOC_002,41.96456368290038,20.382060429940378,42.50730687065686,40.47336457888888,19.61257105010457,57.70838889372112,2.430329478827,40.60495001314771,-74.26820972238342,119.0,13.0,119.0,Unhealthy for Sensitive Groups,2025-07-20 15:51:24.512606
2024-01-14 12:00:00,LOC_002,27.110174672026183,51.60621003930459,23.452570672463988,22.76908571357767,13.916492353206625,48.86604634868432,2.5732870959337415,40.65949005812458,-73.59860005877077,77.0,34.0,77.0,Moderate,2025-07-20 15:51:24.512606
2024-01-14 13:00:00,LOC_002,24.032868881296075,33.19428254069603,42.258941797424924,24.210210202869916,25.925303073177613,64.85811519789556,7.645978256567997,40.40179367033336,-73.66608339953896,68.0,22.0,68.0,Moderate,2025-07-20 15:51:24.512606
2024-01-14 14:00:00,LOC_003,19.550809131910505,2.409956809789456,33.99891298992297,43.372111003381676,24.096361186839935,73.79334706221587,16.455191067279177,40.908980891914865,-73.94646911464282,55.0,2.0,55.0,Moderate,2025-07-20 15:51:24.512606
2024-01-14 15:00:00,LOC_003,28.99136114352071,47.711325157256326,18.805550601584468,14.408852486141967,23.56972759266926,54.655974297765496,0.6771280581810302,40.63793048957967,-73.88388919958427,82.0,31.0,82.0,Moderate,2025-07-20 15:51:24.512606
2024-01-14 16:00:00,LOC_004,24.623652975751515,26.97007721069116,32.94119434393137,52.15164891572886,20.812784220561987,67.75315158049753,2.7290719077220587,40.76916986952359,-74.02567442944971,70.0,18.0,70.0,Moderate,2025-07-20 15:51:24.512606
2024-01-14 17:00:00,LOC_004,36.03301882016521,33.64200076543759,13.199787938787008,38.10215386753216,19.62106918283169,71.95877526931822,3.2786944681838515,40.368562469027715,-74.10833345712119,102.0,22.0,102.0,Unhealthy for Sensitive Groups,2025-07-20 15:51:24.512606
2024-01-14 18:00:00,LOC_001,26.142276486620396,39.979704958535216,35.00406413464829,78.9171156351368,43.88371992870439,72.66730902091714,2.3605237108317034,40.960011880819124,-73.58452311878168,74.0,26.0,74.0,Moderate,2025-07-20 15:51:24.512606
2024-01-14 19:00:00,LOC_001,26.503017614618777,37.857495196685996,37.08185186391193,67.69499500739333,31.84256645196173,33.11796588787082,2.256412825032316,40.82046129015831,-74.3743872964797,75.0,25.0,75.0,Moderate,2025-07-20 15:51:24.512606
2024-01-14 20:00:00,LOC_004,21.36387787786144,45.64177725708559,25.261152354783572,37.8226111690298,27.22826894985512,81.58486834110401,0.26842110747314246,40.85394846301455,-74.08155321028377,60.0,30.0,60.0,Moderate,2025-07-20 15:51:24.512606
2024-01-14 21:00:00,LOC_003,24.430543762789327,28.467704441452348,30.98838156764466,38.72395596962422,21.117991582033884,57.49519888590288,5.784470051316598,40.17219426742575,-74.15543809201212,69.0,18.0,69.0,Moderate,2025-07-20 15:51:24.512606
2024-01-14 22:00:00,LOC_002,28.078017688920593,42.69658697264124,45.63325947000229,51.94697816802436,30.071572005966694,45.74496490177287,2.8654063598325563,40.27096320787122,-74.00184927974885,79.0,28.0,79.0,Moderate,2025-07-20 15:51:24.512606
2024-01-14 23:00:00,LOC_004,7.898316073433744,31.106799836241244,25.954026365904507,60.43807131901645,25.17994776391452,44.5058704487809,1.083284442896811,40.285626599683575,-74.04236812545483,22.0,20.0,22.0,Good,2025-07-20 15:51:24.512606
2024-01-15 00:00:00,LOC_001,11.51814577894287,46.08215721331254,21.528739303547198,20.343651310767797,20.262047527740357,58.98084677063703,8.46500807839973,40.27090922324687,-73.98111046834892,33.0,30.0,33.0,Good,2025-07-20 15:51:24.512606
2024-01-15 01:00:00,LOC_003,32.43264094022715,44.2305122601958,41.85330721970079,18.56349441574376,16.96435674734085,83.20989236813756,8.111621637664847,40.85540816210429,-74.360081022773,92.0,29.0,92.0,Moderate,2025-07-20 15:51:24.512606
2024-01-15 02:00:00,LOC_004,26.70865438127942,20.96841946933107,45.70069752424636,32.53558233334742,19.19082662337312,52.70085490095882,3.331471131446317,40.03188479520859,-73.98685849848673,75.0,14.0,75.0,Moderate,2025-07-20 15:51:24.512606
2024-01-15 03:00:00,LOC_004,23.160166636473207,51.289731742625484,30.029565374782777,46.992850998086375,-11.704257358780556,74.9835448070126,1.7723202427630593,40.07609998898077,-74.25758118611279,65.0,33.0,65.0,Moderate,2025-07-20 15:51:24.512606
2024-01-15 04:00:00,LOC_003,25.18433933065393,26.96054832328928,38.09170428326685,45.96248308609117,22.106008392976417,35.80912385923312,5.081836242885043,40.2739148706299,-74.3156686510118,71.0,18.0,71.0,Moderate,2025-07-20 15:51:24.512606
2024-01-15 05:00:00,LOC_004,28.47581705361671,47.12086697421718,40.73180732424705,52.8372574598062,15.115239198896404,58.563402129063704,1.6994553212316843,40.199872974649445,-74.43516578121381,80.0,31.0,80.0,Moderate,2025-07-20 15:51:24.512606
2024-01-15 06:00:00,LOC_003,19.602403196906387,40.50930970102011,24.060126139692926,25.603629659616303,35.926699982828836,89.50116842356414,1.3459893493717392,40.23185961388285,-73.73734744124386,55.0,26.0,55.0,Moderate,2025-07-20 15:51:24.512606
2024-01-15 07:00:00,LOC_002,17.216952745976872,62.57275515192684,26.11755331705705,12.206273644373482,20.193440708117542,76.22626816754021,6.556206324886139,40.7979431892533,-74.07255807914343,49.0,41.0,49.0,Good,2025-07-20 15:51:24.512606
2024-01-15 08:00:00,LOC_003,26.958452550976816,31.64801026442222,39.84699610523788,50.29617034362575,8.110365804650382,42.63170930643678,0.20580421649504535,40.563126593892044,-73.87335631668824,76.0,21.0,76.0,Moderate,2025-07-20 15:51:24.512606
2024-01-15 09:00:00,LOC_003,15.21627222384968,29.760248058227038,43.480114229668075,30.061644724417185,19.50119845871882,60.08648842187464,0.49782267445487477,40.00577066129297,-73.77240665669525,43.0,19.0,43.0,Good,2025-07-20 15:51:24.512606
2024-01-15 10:00:00,LOC_003,29.08252755714472,34.708705911684014,34.50304688139484,15.778145627336343,9.538789149374958,44.017485818914,0.03405659237692856,40.42932276570419,-73.82068333468645,82.0,23.0,82.0,Moderate,2025-07-20 15:51:24.512606
2024-01-15 11:00:00,LOC_004,7.974163957621595,30.45230325748587,22.961485171983565,41.74076495151258,24.734074157124663,54.573655635750555,0.829937551997273,40.40788492685036,-74.02949928091031,23.0,20.0,23.0,Good,2025-07-20 15:51:24.512606
2024-01-15 12:00:00,LOC_004,35.29155637325644,46.99912852913075,45.89648889359553,49.518108258624125,22.909473643394854,76.80504142409788,0.3574263499005983,40.11394526944454,-74.11210147104828,100.0,31.0,100.0,Moderate,2025-07-20 15:51:24.512606
2024-01-15 13:00:00,LOC_003,29.725974824130432,10.755340873451182,25.752232817504286,38.53531441454467,29.578396311082678,76.27348891742422,27.366173348935433,40.676141788601456,-74.12404009035933,84.0,7.0,84.0,Moderate,2025-07-20 15:51:24.512606
2024-01-15 14:00:00,LOC_004,27.560297343138757,19.194763712804686,27.318897750628388,34.505819365810126,12.091182083054345,43.6860226741431,1.7040780668816438,40.70209718837949,-73.85995120306994,78.0,12.0,78.0,Moderate,2025-07-20 15:51:24.512606
2024-01-15 15:00:00,LOC_001,34.82690983945514,18.982956176312104,32.73870267591697,38.08765321424912,20.34008096228147,85.33339908929162,0.8082906925953148,40.7208932190521,-74.00520564505813,98.0,12.0,98.0,Moderate,2025-07-20 15:51:24.512606
2024-01-15 16:00:00,LOC_001,41.65474444462576,49.25461387960364,42.4332833657182,35.5530068511906,6.349782045733647,65.5540909658896,1.378742857110021,40.72847094555859,-73.6508677520115,118.0,32.0,118.0,Unhealthy for Sensitive Groups,2025-07-20 15:51:24.512606
2024-01-15 17:00:00,LOC_004,35.1437006501813,60.65920058872888,36.83180781241779,23.823434656717993,27.014947819247144,52.79545745772087,13.754180891445289,40.0000528269323,-73.6252980156733,99.0,39.0,99.0,Moderate,2025-07-20 15:51:24.512606
2024-01-15 18:00:00,LOC_004,6.591257686683548,33.433261721937924,33.31892400289529,31.423831876114818,25.188711804401223,60.11613484685164,3.6715151438531675,40.95392080384672,-74.32943962199349,19.0,22.0,22.0,Good,2025-07-20 15:51:24.512606
2024-01-15 19:00:00,LOC_003,12.204230332642984,32.46767415214984,33.70630824094485,46.25535886016577,24.958050210275708,66.30427520626462,2.2692192930234167,40.814208767054666,-74.36376634845428,34.0,21.0,34.0,Good,2025-07-20 15:51:24.512606
2024-01-15 20:00:00,LOC_002,18.751814223043212,36.050782446697724,30.348117349147728,43.860142496518,20.01619031356941,63.59343191074713,10.333276492386647,40.903981696589284,-73.869599073964,53.0,23.0,53.0,Moderate,2025-07-20 15:51:24.512606
2024-01-15 21:00:00,LOC_004,25.260910502108338,52.42817453912286,34.46511611614805,42.016717671601846,24.14772890788791,59.18430213217069,2.5125536967173447,40.015643295307434,-74.19877425193772,71.0,34.0,71.0,Moderate,2025-07-20 15:51:24.512606
2024-01-15 22:00:00,LOC_001,30.17659020469123,21.089702987141386,9.763519378445576,28.058218217759446,36.043391083085965,60.29596824536401,2.0399056278187637,40.93385879578574,-74.4814292812349,85.0,14.0,85.0,Moderate,2025-07-20 15:51:24.512606
2024-01-15 23:00:00,LOC_003,17.742561868465344,38.57553474102178,27.627140327441612,37.821962054371994,17.149057429579862,40.58471462567317,1.1614419569062113,40.8097885286881,-73.61135733063705,50.0,25.0,50.0,Good,2025-07-20 15:51:24.512606
2024-01-16 00:00:00,LOC_004,26.867667644770783,49.62796444673644,31.930575479334248,13.875219442685744,21.386451837100847,78.76397425828077,2.372442949590092,40.8372191429587,-74.2730992327562,76.0,32.0,76.0,Moderate,2025-07-20 15:51:24.512606
2024-01-16 01:00:00,LOC_001,17.446170676466775,42.51641254909768,20.791887331043945,42.14171996662468,9.138737008185903,62.50561919646092,1.9039919135345067,40.09328738472197,-73.57071934831419,49.0,28.0,49.0,Good,2025-07-20 15:51:24.512606
2024-01-16 02:00:00,LOC_001,18.884821970080516,37.843724248981154,33.09058654249248,57.14629249376281,11.317390384016676,37.86479170228218,5.655222246420455,40.738778028918595,-73.78256554912174,53.0,25.0,53.0,Moderate,2025-07-20 15:51:24.512606
2024-01-16 03:00:00,LOC_002,10.933389031517777,50.01569138850712,28.364230232111026,22.310414415494733,20.978132930933075,75.96942609496668,1.7095137084892036,40.95991668964209,-73.73734651008851,31.0,32.0,32.0,Good,2025-07-20 15:51:24.512606
2024-01-16 04:00:00,LOC_003,15.767667538890958,0.0,44.043805586523916,32.96886792018694,31.03933546701907,85.94663870264105,4.304277126144055,40.67854734141816,-74.29853850420685,45.0,0.0,45.0,Good,2025-07-20 15:51:24.512606
2024-01-16 05:00:00,LOC_003,11.483153943836664,45.16812979296361,42.58415780171885,43.94928134452155,17.437191757484275,86.83841395421773,0.3408169620991092,40.570561404624605,-74.2658055743832,32.0,29.0,32.0,Good,2025-07-20 15:51:24.512606
2024-01-16 06:00:00,LOC_002,15.241267470226672,25.188864753088644,26.273555447054697,55.0341116131298,17.64083470687876,52.141063944670364,1.0615692532815415,40.945629677749,-73.97873224617594,43.0,16.0,43.0,Good,2025-07-20 15:51:24.512606
2024-01-16 07:00:00,LOC_002,35.536417966078396,7.5405065471531465,28.793298307466436,34.621304604398205,15.931147554956253,38.131012413645244,2.616222698075969,40.44293712173444,-74.32790014735014,100.0,5.0,100.0,Moderate,2025-07-20 15:51:24.512606
2024-01-16 08:00:00,LOC_003,15.50601111168057,42.66803899287471,29.40841947513286,31.692996048809242,14.652433291556768,61.10397759798391,13.819076916568157,40.59929356631048,-74.19456830731697,44.0,28.0,44.0,Good,2025-07-20 15:51:24.512606
2024-01-16 09:00:00,LOC_003,51.32382064837391,55.60487817744436,26.38672419072302,16.372922291007,22.949714557088214,36.75655376095324,2.3680665673454526,40.476338293494365,-74.1785375220522,145.0,36.0,145.0,Unhealthy for Sensitive Groups,2025-07-20 15:51:24.512606
2024-01-16 10:00:00,LOC_004,29.933179008808892,32.93827228058462,31.560199872225013,41.241257551697274,5.027423548213555,86.03924511075704,5.454323710817296,40.9328462213603,-74.34037006674724,85.0,21.0,85.0,Moderate,2025-07-20 15:51:24.512606
2024-01-16 11:00:00,LOC_004,26.84836123694874,49.293118208044085,23.93374344889928,64.50491248172493,32.80939576666728,41.01477764130876,1.4724407226616776,40.07608472676551,-74.29481716660484,76.0,32.0,76.0,Moderate,2025-07-20 15:51:24.512606
2024-01-16 12:00:00,LOC_002,16.416422198187867,59.18417386982968,20.95507732049979,43.32830154357611,13.345777018705395,45.16595159706984,0.679290921662971,40.50111970082535,-73.71144815799174,46.0,38.0,46.0,Good,2025-07-20 15:51:24.512606
2024-01-16 13:00:00,LOC_004,32.003098794089915,54.72371680376071,34.98168979120215,39.73265224979544,27.219034854381412,54.39819161309823,0.3015990293129577,40.686952441385436,-74.33280414545273,90.0,36.0,90.0,Moderate,2025-07-20 15:51:24.512606
2024-01-16 14:00:00,LOC_001,19.243621737622263,59.59946794057089,35.03623667377449,43.864987729203825,7.300014026061241,52.989868113547544,1.8221928620472216,40.79190653842224,-74.47154260815607,54.0,39.0,54.0,Moderate,2025-07-20 15:51:24.512606
2024-01-16 15:00:00,LOC_004,26.220098146453616,46.13191236607838,23.56547392272006,39.86689595261677,26.688401305462182,77.67977354387334,0.8578638237625114,40.583018647444135,-73.87064505737106,74.0,30.0,74.0,Moderate,2025-07-20 15:51:24.512606
2024-01-16 16:00:00,LOC_004,50.60084538268795,36.13150458352389,37.162843446100794,30.24382753287844,26.719446078144976,57.379009233057744,0.9558657723554491,40.90891774412145,-73.52401688060755,143.0,23.0,143.0,Unhealthy for Sensitive Groups,2025-07-20 15:51:24.512606
2024-01-16 17:00:00,LOC_001,24.0394010027535,10.970512821542474,24.94737816667735,49.879358988132466,23.842020720058965,40.24609560020021,7.151425779672395,40.94199144688387,-74.16878618537687,68.0,7.0,68.0,Moderate,2025-07-20 15:51:24.512606
2024-01-16 18:00:00,LOC_002,36.49273326285676,31.309062678050772,32.02532190430385,42.709138277341054,10.055714782002077,46.03259372916445,0.07982416710420037,40.064319223193586,-74.38134429680375,103.0,20.0,103.0,Unhealthy for Sensitive Groups,2025-07-20 15:51:24.512606
2024-01-16 19:00:00,LOC_001,17.968235748741126,22.351301070257122,36.56275210089965,40.21135902320389,22.49548189598077,60.54680311125132,4.080079546816665,40.40237053954137,-73.92961267463247,51.0,15.0,51.0,Moderate,2025-07-20 15:51:24.512606
2024-01-16 20:00:00,LOC_004,24.650115095030383,67.5641407624672,29.731099482370297,28.295607672661,8.16943815265611,38.8472350455681,2.3858371855087688,40.02345902172115,-73.59364578890435,70.0,44.0,70.0,Moderate,2025-07-20 15:51:24.512606
2024-01-16 21:00:00,LOC_002,42.7080063563551,32.36171281351495,33.637927297129075,55.64209518321711,17.472367449038146,66.69934053876085,3.5316687108939373,40.329416657374445,-73.71593822017152,121.0,21.0,121.0,Unhealthy for Sensitive Groups,2025-07-20 15:51:24.512606
2024-01-16 22:00:00,LOC_004,18.730329422122324,36.848072101767286,25.868562848899426,47.97643294399732,30.29413100955326,63.94483839306876,4.137168430647967,40.5368682179706,-73.87748413158728,53.0,24.0,53.0,Moderate,2025-07-20 15:51:24.512606
2024-01-16 23:00:00,LOC_001,43.12448557996929,43.272280640607015,28.428267332575224,33.36494995159238,27.96701927070742,72.88213898293546,1.8797817379522526,40.91079493050995,-74.1849435033924,122.0,28.0,122.0,Unhealthy for Sensitive Groups,2025-07-20 15:51:24.512606
2024-01-17 00:00:00,LOC_001,32.07751935455475,35.654036695586804,28.353124552957276,52.02189824418325,20.15182942540433,86.26227692276206,1.7485594985074178,40.8465543224654,-73.95811982672377,91.0,23.0,91.0,Moderate,2025-07-20 15:51:24.512606
2024-01-17 01:00:00,LOC_004,19.375332241057322,60.4257656064613,24.02737322767809,34.02914993937751,10.25193424077158,84.73527366606933,6.610064040008348,40.127499726671985,-74.40875515869574,55.0,39.0,55.0,Moderate,2025-07-20 15:51:24.512606
2024-01-17 02:00:00,LOC_003,31.32407739055521,25.660259573983218,28.585806695073742,30.615958089867554,26.455877121741935,86.76453708412987,10.250461889429513,40.0930303747409,-73.82105457571933,88.0,17.0,88.0,Moderate,2025-07-20 15:51:24.512606
2024-01-17 03:00:00,LOC_003,34.7255444962673,37.91911182855864,17.61105360909003,30.883562590236554,20.19381237698025,44.682935821422056,1.0695666091172404,40.58926733875667,-73.77490398110236,98.0,25.0,98.0,Moderate,2025-07-20 15:51:24.512606
2024-01-17 04:00:00,LOC_001,31.218099622171962,23.862941214529275,26.07077002286316,18.747177362942907,-3.2031559823042315,37.89391839836128,0.5135909402728503,40.532117972458785,-73.53496837709008,88.0,15.0,88.0,Moderate,2025-07-20 15:51:24.512606
2024-01-17 05:00:00,LOC_001,9.297752801095436,15.199662331689414,27.720996053042633,45.658508565018465,27.82629826316518,48.136602029786914,11.40391284354126,40.266377641430026,-74.23960264125493,26.0,10.0,26.0,Good,2025-07-20 15:51:24.512606
2024-01-17 06:00:00,LOC_003,17.728628241751316,25.82346363642072,27.95056198003696,18.026261459939796,19.75767166130308,83.70511036597887,2.1531105193279263,40.89945308455383,-74.48154358095698,50.0,17.0,50.0,Good,2025-07-20 15:51:24.512606
2024-01-17 07:00:00,LOC_003,22.52481364448495,34.44444804427382,28.06802043303377,25.258674024810848,32.02451247983072,88.3232084774093,4.007197623179462,40.927366409461555,-73.95439153557285,64.0,22.0,64.0,Moderate,2025-07-20 15:51:24.512606
2024-01-17 08:00:00,LOC_004,24.255665708999537,28.560466632241102,29.505886401118968,15.092943891057601,9.047294811571954,81.55949706422857,2.227867603005749,40.40261143834016,-73.79320949560318,69.0,19.0,69.0,Moderate,2025-07-20 15:51:24.512606
2024-01-17 09:00:00,LOC_004,31.20672097550678,24.61368530189216,33.835532144688514,38.96716368650928,-11.767038131960007,36.60106326765262,0.6722438455487219,40.89030255711352,-73.70959252411701,88.0,16.0,88.0,Moderate,2025-07-20 15:51:24.512606
2024-01-17 10:00:00,LOC_003,26.77701000933254,13.905238044922491,36.99613659306018,38.19615447673753,22.79083858345185,86.8456798835876,4.449846561183245,40.38394889426297,-74.3062610669752,76.0,9.0,76.0,Moderate,2025-07-20 15:51:24.512606
2024-01-17 11:00:00,LOC_004,11.646556412898988,33.75341641056958,24.801878185213862,36.07964544176363,22.915636766819727,55.401481641047155,3.723685244812737,40.7368168318297,-74.23824713096298,33.0,22.0,33.0,Good,2025-07-20 15:51:24.512606
2024-01-17 12:00:00,LOC_004,28.801978510059634,12.429194389534967,20.374393156886846,27.489067663953087,3.093283723935482,30.55861744574122,1.1344625945431872,40.475942217547725,-73.98740907473271,81.0,8.0,81.0,Moderate,2025-07-20 15:51:24.512606
2024-01-17 13:00:00,LOC_002,31.10585745283823,46.40083945534404,21.663644702055176,25.933194958760318,10.215004541333936,56.54362444489162,3.006205254850898,40.12258315650718,-74.16939919002999,88.0,30.0,88.0,Moderate,2025-07-20 15:51:24.512606
2024-01-17 14:00:00,LOC_004,30.597904479310397,36.23659629401755,26.10237663044058,45.57243836255889,47.55217743719902,32.764150180528056,7.971453662318263,40.92793420123702,-73.63948851341256,86.0,24.0,86.0,Moderate,2025-07-20 15:51:24.512606
2024-01-17 15:00:00,LOC_001,35.807807255546216,13.136727508026041,27.184629457467928,33.393376819498144,16.943893858461966,62.632675269667054,4.463189677891616,40.454096593377535,-74.02623984626128,101.0,9.0,101.0,Unhealthy for Sensitive Groups,2025-07-20 15:51:24.512606
2024-01-17 16:00:00,LOC_004,33.33922154548904,30.36186384425205,23.840031470420342,43.796299858433734,27.309589763762162,50.31324164622308,0.5097058806013267,40.734487040322406,-73.700421355898,94.0,20.0,94.0,Moderate,2025-07-20 15:51:24.512606
2024-01-17 17:00:00,LOC_004,29.591800792284367,23.717653916141252,19.631066686000842,29.37701576650933,13.493401726316163,58.40609601564293,3.9706033026118965,40.36717381443129,-73.91938023951765,84.0,15.0,84.0,Moderate,2025-07-20 15:51:24.512606
2024-01-17 18:00:00,LOC_003,24.29834288541353,39.78761765628771,26.351033380206495,42.172752913252985,-0.9030289885315668,66.79022164458702,6.065711904943017,40.01888087857623,-73.72690985838288,69.0,26.0,69.0,Moderate,2025-07-20 15:51:24.512606
2024-01-17 19:00:00,LOC_001,8.390390664840087,55.10675669034717,31.45141296091177,55.639336447792765,18.297417532040946,82.12806574906921,7.868023444559924,40.100530358691834,-74.16732701346967,24.0,36.0,36.0,Good,2025-07-20 15:51:24.512606
2024-01-17 20:00:00,LOC_004,29.296182191325858,6.8724129553138305,34.76023572668452,47.0339896047134,17.343954397138948,69.71409458831572,4.959350950740395,40.49621947948992,-73.66858337806968,83.0,4.0,83.0,Moderate,2025-07-20 15:51:24.512606
2024-01-17 21:00:00,LOC_004,27.07687687163111,36.72539118721126,25.54061557513343,35.05103418140224,16.001217613316285,56.04293210869084,0.8282554098549757,40.689964357126364,-74.22542768444897,76.0,24.0,76.0,Moderate,2025-07-20 15:51:24.512606
2024-01-17 22:00:00,LOC_002,27.715788371953735,32.59800806650039,26.696017422852528,43.08638764427113,18.853591644936074,79.1656712202219,6.192360027795475,40.33473532657928,-73.9539011919967,78.0,21.0,78.0,Moderate,2025-07-20 15:51:24.512606
2024-01-17 23:00:00,LOC_004,12.232514241796906,45.07010114675698,22.586413529221513,37.112017905637444,22.642682716456367,84.33492825438793,5.655809316028659,40.69548845917765,-74.28599288682612,35.0,29.0,35.0,Good,2025-07-20 15:51:24.512606
2024-01-18 00:00:00,LOC_004,14.189434595917376,38.19794942356533,29.74848663700179,40.09456221633674,18.498830487461934,37.185597985931835,0.12365084154863877,40.69863558943196,-74.0244734783738,40.0,25.0,40.0,Good,2025-07-20 15:51:24.512606
2024-01-18 01:00:00,LOC_002,35.53152853332904,23.720460023917713,23.212570926473482,36.09266737421795,7.359938320526362,61.915978653167485,2.6529964319253208,40.70393590732783,-74.18182479049129,100.0,15.0,100.0,Moderate,2025-07-20 15:51:24.512606
2024-01-18 02:00:00,LOC_003,24.60444846143345,30.21419096500073,34.5850225059296,38.027977529375306,24.86184791561939,47.07071758454665,2.024453217940339,40.49252185402051,-74.23329656936279,70.0,20.0,70.0,Moderate,2025-07-20 15:51:24.512606
2024-01-18 03:00:00,LOC_004,31.815006973726245,23.059612147947664,15.71306806452711,42.5451202368901,0.5062824467757672,32.82367187261684,5.53441293128177,40.914886150121504,-73.53301498197196,90.0,15.0,90.0,Moderate,2025-07-20 15:51:24.512606
2024-01-18 04:00:00,LOC_002,25.283183761304613,51.14010707897897,27.1229626203803,28.079695605016592,-0.5035745728420018,70.11280170683912,1.2175975181309797,40.489196517980616,-74.33992589451327,71.0,33.0,71.0,Moderate,2025-07-20 15:51:24.512606
2024-01-18 05:00:00,LOC_001,25.29756139495745,35.319674730079136,32.40885871353394,27.80945407612026,27.39180494701568,81.76624664755354,4.468635125986725,40.45026519349664,-73.7126741625426,71.0,23.0,71.0,Moderate,2025-07-20 15:51:24.512606
2024-01-18 06:00:00,LOC_003,34.382838059759976,63.51786028629511,31.470676130580035,23.337489354025468,25.070202721353567,39.77415926864364,12.221086720848968,40.19938081901063,-73.51583504051679,97.0,41.0,97.0,Moderate,2025-07-20 15:51:24.512606
2024-01-18 07:00:00,LOC_001,19.839552717826262,34.090087792780686,51.544269311843976,20.79674674595548,19.42604634925964,78.74481945743403,7.992548522278612,40.30765508735634,-74.48009851625993,56.0,22.0,56.0,Moderate,2025-07-20 15:51:24.512606
2024-01-18 08:00:00,LOC_001,25.961207769409835,24.37389849634306,32.79840019654326,25.392607693354247,6.045514952449281,81.2037440122165,12.720592034643584,40.0423344925183,-73.80097258595791,73.0,16.0,73.0,Moderate,2025-07-20 15:51:24.512606
2024-01-18 09:00:00,LOC_002,20.377247112949576,12.294284110807592,21.967563225263916,41.91355008164955,12.920890593259246,84.86042655998901,19.19989957060303,40.63353529361617,-74.24708819444372,58.0,8.0,58.0,Moderate,2025-07-20 15:51:24.512606
2024-01-18 10:00:00,LOC_004,20.655037725676845,7.952904856160824,29.236286023287416,29.28654981409739,17.37253252313496,45.917105345163144,0.053637305084155526,40.24853574392709,-74.45951217567169,58.0,5.0,58.0,Moderate,2025-07-20 15:51:24.512606
2024-01-18 11:00:00,LOC_002,21.908278765313607,11.237960854917652,15.790029332268386,46.16337357077315,4.041060314258866,84.23718391139336,4.874120286768171,40.304155254485465,-74.09711042104337,62.0,7.0,62.0,Moderate,2025-07-20 15:51:24.512606
2024-01-18 12:00:00,LOC_002,27.22133771633713,39.00689976517225,29.355202005625912,40.41656498503074,12.60971341976767,49.239765284185935,2.6622844910440984,40.77081452166432,-73.56478218982913,77.0,25.0,77.0,Moderate,2025-07-20 15:51:24.512606
2024-01-18 13:00:00,LOC_002,20.212513783365225,42.63087534844901,23.33555154399393,16.377949438743357,26.523303381766798,63.14028080733017,9.82537020689442,40.327221183161456,-74.488234905633,57.0,28.0,57.0,Moderate,2025-07-20 15:51:24.512606
2024-01-18 14:00:00,LOC_002,37.55756125573521,11.282139469518,37.323122204481294,47.85970701066028,34.273053642892165,33.030448249936924,1.4505230354980323,40.24219589201314,-73.91211430807022,106.0,7.0,106.0,Unhealthy for Sensitive Groups,2025-07-20 15:51:24.512606
2024-01-18 15:00:00,LOC_003,16.053926977804963,48.425574711141735,25.60367780323572,49.72958374710052,15.805652473414494,32.632865302124614,19.824347820973486,40.16905774913371,-73.99860352140468,45.0,31.0,45.0,Good,2025-07-20 15:51:24.512606
2024-01-18 16:00:00,LOC_004,23.13128355838641,27.754084224748407,29.065872673638026,28.073647901981758,27.564883543160985,73.22239276393218,4.755808199875369,40.774858402181955,-73.62661583562895,65.0,18.0,65.0,Moderate,2025-07-20 15:51:24.512606
2024-01-18 17:00:00,LOC_001,20.60268941725825,37.20189517978324,24.915537268764773,45.0422985147399,0.8593992941253283,56.668798678667464,7.888180037904565,40.12970625799003,-74.41599828547938,58.0,24.0,58.0,Moderate,2025-07-20 15:51:24.512606
2024-01-18 18:00:00,LOC_001,39.46977884353733,59.18330942383136,43.91081081482665,29.722021151089614,26.594512411136115,45.37754252215305,0.4474333873134423,40.45375376025035,-73.81847397011335,111.0,38.0,111.0,Unhealthy for Sensitive Groups,2025-07-20 15:51:24.512606
2024-01-18 19:00:00,LOC_004,26.965547765115748,48.452589737982976,27.430057871056707,41.17204452098002,11.96051585272519,41.424809761494615,1.0133839384611738,40.50693011607719,-73.81989030156672,76.0,31.0,76.0,Moderate,2025-07-20 15:51:24.512606
2024-01-18 20:00:00,LOC_001,35.31844539468635,30.972040281412514,44.660456347833616,24.82601911654041,23.0734561670797,70.19720945155308,7.102435079965912,40.68738991268572,-73.83091998313772,100.0,20.0,100.0,Moderate,2025-07-20 15:51:24.512606
2024-01-18 21:00:00,LOC_004,10.144396269630281,21.632116618770688,36.51321409694613,18.48272256958508,17.522475817602906,30.024092641520394,0.11115913948196478,40.633283482333,-73.55766550506496,29.0,14.0,29.0,Good,2025-07-20 15:51:24.512606
2024-01-18 22:00:00,LOC_001,27.670502658692588,2.7227689800604225,33.85653381868309,35.406193724644375,33.20414009783834,78.35347015181125,8.488013022828795,40.81072067294517,-73.67691247099312,78.0,2.0,78.0,Moderate,2025-07-20 15:51:24.512606
2024-01-18 23:00:00,LOC_002,33.89630795623437,24.212700211363696,32.94986517854016,38.51525264470197,11.255643516600818,34.75497636779573,0.07023610267775612,40.04475143392624,-74.4580272737565,96.0,16.0,96.0,Moderate,2025-07-20 15:51:24.512606
2024-01-19 00:00:00,LOC_001,25.822839892754242,31.833046417584583,33.150378385730015,35.22784367662475,26.27606297561831,41.489376894487165,5.351856807085196,40.296440724779394,-74.02891714929548,73.0,21.0,73.0,Moderate,2025-07-20 15:51:24.512606
2024-01-19 01:00:00,LOC_004,35.654803750653514,20.192307092732243,14.57861936523512,25.791633301329288,17.204925367034665,53.174183717945375,2.2713909845272893,40.28013411877538,-74.10204694379867,101.0,13.0,101.0,Unhealthy for Sensitive Groups,2025-07-20 15:51:24.512606
2024-01-19 02:00:00,LOC_004,19.827115498996278,33.031145493615426,27.76893284679395,35.201211254426354,18.41694521990336,59.09152438296621,4.727244300740866,40.146016905592106,-74.1898527789092,56.0,21.0,56.0,Moderate,2025-07-20 15:51:24.512606
2024-01-19 03:00:00,LOC_004,39.0934744018558,36.15277824438152,36.761263769474574,43.23153703096881,18.161461068407903,51.29970694883651,5.954154476886027,40.28917825385644,-74.04866327484591,110.0,23.0,110.0,Unhealthy for Sensitive Groups,2025-07-20 15:51:24.512606
2024-01-19 04:00:00,LOC_004,47.9889812361925,31.62716027287882,29.608822532207157,39.46128363852956,11.54326895505887,49.242729899057636,2.0963641309497953,40.3097653141429,-74.11580581507403,136.0,21.0,136.0,Unhealthy for Sensitive Groups,2025-07-20 15:51:24.512606
2024-01-19 05:00:00,LOC_004,21.37161439560341,25.249961287648105,18.7584812255714,42.19001236719056,19.859010340933285,87.83496072439131,0.5712352437889626,40.52188446192748,-74.06766610012133,60.0,16.0,60.0,Moderate,2025-07-20 15:51:24.512606
2024-01-19 06:00:00,LOC_003,20.54497478599228,37.529820079500915,29.580764395380243,31.958617594549203,19.373517778781785,68.49478087460366,0.360949889742447,40.663704478926256,-73.52073813439135,58.0,24.0,58.0,Moderate,2025-07-20 15:51:24.512606
2024-01-19 07:00:00,LOC_003,39.53384477117701,41.629109743541136,43.63284413004393,54.06061497659391,22.412402484067293,31.40597732204329,4.44503206867631,40.38110051361181,-74.41136702525041,112.0,27.0,112.0,Unhealthy for Sensitive Groups,2025-07-20 15:51:24.512606
2024-01-19 08:00:00,LOC_001,40.795721457307124,18.64401383835731,39.975133724277754,25.885919961342633,20.845051456928626,55.81055450665879,3.6766771412928305,40.71947023131338,-73.57776913016127,115.0,12.0,115.0,Unhealthy for Sensitive Groups,2025-07-20 15:51:24.512606
2024-01-19 09:00:00,LOC_004,19.771399728467316,56.16398569619405,29.503967925071745,45.850723565040624,27.97994549612236,82.50052198463821,6.777875514206576,40.33616533857958,-74.01976328652897,56.0,36.0,56.0,Moderate,2025-07-20 15:51:24.512606
2024-01-19 10:00:00,LOC_001,20.798131829041427,33.521178015736076,37.611594216464695,54.18269311551954,29.235086160473685,48.08737118464008,3.564051290008453,40.29028367731476,-73.87625775450046,59.0,22.0,59.0,Moderate,2025-07-20 15:51:24.512606
2024-01-19 11:00:00,LOC_004,22.182153911394927,35.28274434417271,27.067943837055587,45.770897112986745,9.493766781721988,35.6733806864633,2.744764854576543,40.54118805585703,-73.6698170333823,63.0,23.0,63.0,Moderate,2025-07-20 15:51:24.512606
2024-01-19 12:00:00,LOC_004,11.55549488965723,45.62321634884836,16.369027305386247,37.56970927522204,28.68772500590771,75.50308629539506,2.538213292529121,40.02371636030579,-74.13953697085074,33.0,30.0,33.0,Good,2025-07-20 15:51:24.512606
2024-01-19 13:00:00,LOC_003,15.813480535158018,38.49824196895253,22.604272094963566,33.66043544004425,8.136635728901457,66.36082991616487,0.1340145643556021,40.079789123634,-74.06957809191204,45.0,25.0,45.0,Good,2025-07-20 15:51:24.512606
2024-01-19 14:00:00,LOC_003,14.958592332479322,49.29704950869868,42.50311014806558,52.43305181255507,25.87855888137735,64.21875046959023,2.0440324342331664,40.41796954358653,-74.09048151972128,42.0,32.0,42.0,Good,2025-07-20 15:51:24.512606
2024-01-19 15:00:00,LOC_002,17.322024348958713,39.30686247802736,27.808055345365567,22.924300896859926,26.197387847028686,33.21459357644448,18.6527084919955,40.942912711391756,-74.12526897746424,49.0,26.0,49.0,Good,2025-07-20 15:51:24.512606
2024-01-19 16:00:00,LOC_003,24.653151126132187,25.813439380393433,28.052928164999855,28.358508875444276,0.8868310833749575,38.42994058773104,10.339762025576105,40.721511779843425,-73.57447067835311,70.0,17.0,70.0,Moderate,2025-07-20 15:51:24.512606
2024-01-19 17:00:00,LOC_002,27.342147325365207,40.42255287809152,27.601294429800955,35.229306814099346,20.929792465294096,67.35296377278684,1.9977486950220764,40.08812656950056,-73.67107010880699,77.0,26.0,77.0,Moderate,2025-07-20 15:51:24.512606
2024-01-19 18:00:00,LOC_002,40.50500492814077,17.844106890190073,45.23309271658405,54.85184509014398,15.315038866396844,42.46943048753015,4.431177316238579,40.84631801278088,-74.39100001013702,114.0,12.0,114.0,Unhealthy for Sensitive Groups,2025-07-20 15:51:24.512606
2024-01-19 19:00:00,LOC_002,15.01645959261209,36.62839558664785,43.007671322896506,44.55721163249075,12.41234742064625,60.24420478490546,9.39629377092509,40.732300770608184,-74.3918766475229,42.0,24.0,42.0,Good,2025-07-20 15:51:24.512606
2024-01-19 20:00:00,LOC_002,34.843223984765835,34.50155014033309,47.750241867585075,28.383450897877054,33.50852330699006,62.69290116176361,2.910483448538783,40.61094652570265,-74.07213048514701,98.0,22.0,98.0,Moderate,2025-07-20 15:51:24.512606
2024-01-19 21:00:00,LOC_002,22.86011155774491,31.878247140911903,28.727638316799588,36.27630753538116,13.463208593625811,47.01043141625637,0.09060531471742378,40.82029296060918,-74.4013426232672,65.0,21.0,65.0,Moderate,2025-07-20 15:51:24.512606
2024-01-19 22:00:00,LOC_001,24.50536290347567,33.07193732841604,32.36499590997676,32.628122270844464,11.936230708819501,86.90550933248957,0.3871622549821492,40.40410984774296,-73.88090690472887,69.0,21.0,69.0,Moderate,2025-07-20 15:51:24.512606
2024-01-19 23:00:00,LOC_003,31.748194921666038,6.772264317535413,17.86685960463367,31.482532093197577,20.756949400050935,80.54784641013451,3.5707584068409592,40.22150105085385,-74.35630839273827,90.0,4.0,90.0,Moderate,2025-07-20 15:51:24.512606
2024-01-20 00:00:00,LOC_002,13.772779784377015,26.769126383885578,41.8154754089462,51.74667470268135,26.855897462984164,73.3424104579679,17.440214427191265,40.51202338910876,-73.9776267360332,39.0,17.0,39.0,Good,2025-07-20 15:51:24.512606
2024-01-20 01:00:00,LOC_004,28.824097461840505,36.39267351711672,20.657763589856522,23.53908244883793,18.583514139898732,34.679631984564544,5.9079515619051515,40.54884175559347,-74.49278005299628,81.0,24.0,81.0,Moderate,2025-07-20 15:51:24.512606
2024-01-20 02:00:00,LOC_003,26.66452208213056,37.397845879961004,31.734204510101033,59.30537026881248,31.663705456692522,36.36780115854117,0.36778165250287015,40.53832637200991,-74.18340365158735,75.0,24.0,75.0,Moderate,2025-07-20 15:51:24.512606
2024-01-20 03:00:00,LOC_003,29.924512640081492,19.584872886110627,21.221579778937247,49.93875628221547,25.309756619640904,59.566880751897344,1.0496615010677706,40.5650737914801,-73.82280927632735,85.0,13.0,85.0,Moderate,2025-07-20 15:51:24.512606
2024-01-20 04:00:00,LOC_002,27.891686439078182,53.985617612970515,25.28906538609043,53.090340047244375,-1.7821131973143025,39.64280095145914,7.3772268886282655,40.94870491823918,-74.01596105977215,79.0,35.0,79.0,Moderate,2025-07-20 15:51:24.512606
2024-01-20 05:00:00,LOC_001,49.55300139910894,22.007377276782485,23.301900551602397,34.4447258556969,14.705330364929917,88.69592781176844,9.208103472515239,40.902245623096235,-73.521730514001,140.0,14.0,140.0,Unhealthy for Sensitive Groups,2025-07-20 15:51:24.512606
2024-01-20 06:00:00,LOC_002,18.62260015748684,49.541858007901055,25.136997914593458,38.20071137105069,14.38157900648301,39.511214041644564,4.807677386100961,40.87571703655894,-73.62589620393379,53.0,32.0,53.0,Moderate,2025-07-20 15:51:24.512606
2024-01-20 07:00:00,LOC_001,19.690030449981823,41.40791542807527,25.687018374808172,22.802178225703457,24.793609534294223,59.24807012783844,5.170069669522324,40.80141681090863,-74.14092922095685,56.0,27.0,56.0,Moderate,2025-07-20 15:51:24.512606
2024-01-20 08:00:00,LOC_004,18.768594735752355,25.306590352342955,25.613849640599383,33.70405111519837,-6.24817056374112,51.84726341049033,0.14373352987942012,40.943428107265284,-74.45451345852773,53.0,16.0,53.0,Moderate,2025-07-20 15:51:24.512606
2024-01-20 09:00:00,LOC_003,19.445228808397452,61.62966338914268,36.666671294242455,45.92385817171781,45.49009708717722,68.36318528724587,8.8167423432607,40.0984946416794,-73.65437369988499,55.0,40.0,55.0,Moderate,2025-07-20 15:51:24.512606
2024-01-20 10:00:00,LOC_004,18.626128726934823,17.095447523652798,21.161097655499837,55.552756741376754,25.3102609489421,37.742184533365496,7.76233999694114,40.26512326144574,-73.58876568968533,53.0,11.0,53.0,Moderate,2025-07-20 15:51:24.512606
2024-01-20 11:00:00,LOC_001,36.89016531107552,48.787312604150024,31.764331416110934,26.714118198370578,21.48876803917691,55.818985682543456,1.499010413752651,40.495055945654585,-73.67937260658097,104.0,32.0,104.0,Unhealthy for Sensitive Groups,2025-07-20 15:51:24.512606
2024-01-20 12:00:00,LOC_001,39.20504247989855,50.00873477064467,39.74367321844447,35.61392875617681,31.815677164191463,46.482301968428615,6.166608502404392,40.84653449312341,-74.37205005908024,111.0,32.0,111.0,Unhealthy for Sensitive Groups,2025-07-20 15:51:24.512606
2024-01-20 13:00:00,LOC_004,19.29253706250524,24.940696863850327,25.89442908389283,38.18440935720973,43.436540528126244,83.26509148030128,1.209431818023183,40.505165711522736,-73.50208486558772,54.0,16.0,54.0,Moderate,2025-07-20 15:51:24.512606
2024-01-20 14:00:00,LOC_001,16.676444268957713,55.88697950096493,24.256648874019184,23.25052957369018,28.70746644588403,32.43514272808171,0.2058298571776215,40.74803473934159,-74.24141577844722,47.0,36.0,47.0,Good,2025-07-20 15:51:24.512606
2024-01-20 15:00:00,LOC_004,29.71415556386404,31.24930228101571,28.155802998557995,47.096190901100805,29.4881309647162,84.82364964038756,1.122826198361632,40.13895990524892,-73.77579508719163,84.0,20.0,84.0,Moderate,2025-07-20 15:51:24.512606
2024-01-20 16:00:00,LOC_003,19.477769557190285,39.33040443919786,39.43780166688568,31.31211601908869,21.306900244643824,79.97964831318002,0.9839011680501609,40.25241381297656,-73.59196512366428,55.0,26.0,55.0,Moderate,2025-07-20 15:51:24.512606
2024-01-20 17:00:00,LOC_004,31.32931817755511,38.90482758156831,31.552861047626863,37.655315785875715,18.584742466330518,47.854242986448924,2.06054562948295,40.731776095037674,-74.26431288566928,89.0,25.0,89.0,Moderate,2025-07-20 15:51:24.512606
2024-01-20 18:00:00,LOC_003,27.029230208513,32.98536887794178,25.75028564313921,34.57660753705747,15.242045559950988,77.35743928062628,2.7102873078462104,40.16473400888773,-73.59174144532294,76.0,21.0,76.0,Moderate,2025-07-20 15:51:24.512606
2024-01-20 19:00:00,LOC_004,9.84255885002768,47.16212409739673,33.87101320950432,30.52793793136391,11.738880082854578,31.872813620324855,3.5518623535004763,40.351355934654926,-74.19051842080513,28.0,31.0,31.0,Good,2025-07-20 15:51:24.512606
2024-01-20 20:00:00,LOC_001,40.47505201330061,46.902330808283196,21.18166280130861,39.915460174233345,13.129859003005027,88.01193301760361,3.2385166214638987,40.26486625781357,-73.52358677761595,114.0,30.0,114.0,Unhealthy for Sensitive Groups,2025-07-20 15:51:24.512606
2024-01-20 21:00:00,LOC_004,42.95877673095522,8.772020401427287,35.450876083543584,37.41268505718373,6.494440356570168,61.59569655538736,1.5781764493021722,40.349861694222476,-74.21873997961953,121.0,6.0,121.0,Unhealthy for Sensitive Groups,2025-07-20 15:51:24.512606
2024-01-20 22:00:00,LOC_001,18.872113095156138,54.56510364317229,33.268858461614144,35.53770541265601,19.241285493149768,48.19686156392672,0.1480229596058624,40.70832404907797,-73.54656417524217,53.0,35.0,53.0,Moderate,2025-07-20 15:51:24.512606
2024-01-20 23:00:00,LOC_004,21.12298440064016,10.062620179464886,27.537532230888928,31.258460539835887,3.1533242277361317,51.754992755680625,4.645634093337294,40.3678471811428,-74.44645534910732,60.0,7.0,60.0,Moderate,2025-07-20 15:51:24.512606
2024-01-21 00:00:00,LOC_004,27.85865390724905,50.48819306512486,23.29131361242215,43.83429604939546,21.90916524143711,33.98432120762984,2.518793515606484,40.55526332260794,-73.79072798833019,79.0,33.0,79.0,Moderate,2025-07-20 15:51:24.512606
2024-01-21 01:00:00,LOC_002,28.34456789987025,51.90057705241375,22.90655262173234,59.84340722190742,19.636693919576583,89.36097084252235,1.7738991139896798,40.09993187705441,-73.967888866163,80.0,34.0,80.0,Moderate,2025-07-20 15:51:24.512606
2024-01-21 02:00:00,LOC_001,31.585442726728303,18.635503546772025,34.278538690767284,41.67864679406953,21.469352983866877,32.35751670904155,10.084814809972025,40.805017693234625,-74.02212292287727,89.0,12.0,89.0,Moderate,2025-07-20 15:51:24.512606
2024-01-21 03:00:00,LOC_002,45.102045387663495,28.83778568068123,39.831844019912495,51.95341857893355,14.778684299800076,69.29442738887154,6.866758554618743,40.36988862564812,-74.27650568574416,127.0,19.0,127.0,Unhealthy for Sensitive Groups,2025-07-20 15:51:24.512606
2024-01-21 04:00:00,LOC_001,23.230527725059506,18.414429972710963,24.901538023769643,23.317336898158448,50.768603701805034,56.5641556623875,9.751392575475924,40.64853415903334,-73.7944042102235,66.0,12.0,66.0,Moderate,2025-07-20 15:51:24.512606
2024-01-21 05:00:00,LOC_002,17.017027554615463,31.77618454566897,33.66709362841188,41.893137271525234,33.601159001803126,86.9349730913229,3.4158139020541367,40.72538960166183,-74.3091905085537,48.0,21.0,48.0,Good,2025-07-20 15:51:24.512606
2024-01-21 06:00:00,LOC_003,11.206807719854728,30.37948573721388,13.30378385118345,26.831580172347202,7.554574999152772,44.75998441840771,0.7016652268461355,40.2096609221117,-73.94715820401524,32.0,20.0,32.0,Good,2025-07-20 15:51:24.512606
2024-01-21 07:00:00,LOC_004,17.69069960058081,46.6949079840401,25.323058154742405,22.276900869617183,22.328680874268983,61.92520943628068,5.957281256438961,40.88467498495335,-74.24675463695975,50.0,30.0,50.0,Good,2025-07-20 15:51:24.512606
2024-01-21 08:00:00,LOC_001,24.668730271262028,54.654631191794124,29.751528537032783,31.127543110491565,13.919938570626764,58.94137251496518,1.1538237194386791,40.61622425160695,-73.54437862021864,70.0,35.0,70.0,Moderate,2025-07-20 15:51:24.512606
2024-01-21 09:00:00,LOC_001,42.94557863517788,55.93525716184934,22.72253266414533,54.302792012962875,9.85520273292586,72.17198664300608,2.910083736516466,40.42872514175148,-74.47136880616435,121.0,36.0,121.0,Unhealthy for Sensitive Groups,2025-07-20 15:51:24.512606
2024-01-21 10:00:00,LOC_004,19.823887009638284,26.567479601325466,22.507949001683233,51.400189944035745,6.599279288760652,34.08061391714523,0.33604796744704357,40.18233518357822,-74.30027171988877,56.0,17.0,56.0,Moderate,2025-07-20 15:51:24.512606
2024-01-21 11:00:00,LOC_001,27.237879516388986,31.86167189383208,24.65776354824891,42.9160566646528,24.32216690759254,41.62734780140129,8.72366579647599,40.94230093790121,-74.25768939361255,77.0,21.0,77.0,Moderate,2025-07-20 15:51:24.512606
2024-01-21 12:00:00,LOC_001,24.83577103927248,9.748427116685747,32.33754182661099,21.60759328132083,13.186197649304262,42.87388920557099,0.6730349460559665,40.755068204131625,-74.08593217423218,70.0,6.0,70.0,Moderate,2025-07-20 15:51:24.512606
2024-01-21 13:00:00,LOC_002,36.88393273448084,22.91194900255717,28.501367852749002,37.64463218334476,29.67826024025204,74.28904529050138,11.670250166855219,40.20802456273325,-74.26726975812994,104.0,15.0,104.0,Unhealthy for Sensitive Groups,2025-07-20 15:51:24.512606
2024-01-21 14:00:00,LOC_001,50.26932425873622,49.47277449646187,12.094150133400223,43.620400106820824,29.937822145304388,41.348321779604404,9.983987186377353,40.33771077472422,-74.00865090973122,142.0,32.0,142.0,Unhealthy for Sensitive Groups,2025-07-20 15:51:24.512606
2024-01-21 15:00:00,LOC_003,19.691312270796793,59.23374235322348,13.03439877891947,42.10643475494317,33.739143852114495,64.40950583345861,3.123544782406798,40.80967425808807,-73.62753447674146,56.0,38.0,56.0,Moderate,2025-07-20 15:51:24.512606
2024-01-21 16:00:00,LOC_003,20.10560557481778,16.48476692180117,25.1450785771426,17.874476998231053,11.476132339258964,42.91462923005722,6.820085839542852,40.69567766321534,-73.78793657859083,57.0,11.0,57.0,Moderate,2025-07-20 15:51:24.512606
2024-01-21 17:00:00,LOC_004,35.44160877069072,26.113036112706588,33.66149268842842,29.316185823761536,24.753656106920104,81.69749700503871,4.830623797260611,40.76578429271572,-73.92003801946488,100.0,17.0,100.0,Moderate,2025-07-20 15:51:24.512606
2024-01-21 18:00:00,LOC_001,31.818914896263113,34.603913645616096,8.019961258198123,39.2310668302154,26.324542166423008,86.53112726937832,8.12467797618788,40.44120110221293,-74.41099682201732,90.0,22.0,90.0,Moderate,2025-07-20 15:51:24.512606
2024-01-21 19:00:00,LOC_004,43.46707325736034,39.2024173822941,26.002158590786955,46.43549091420628,15.25821824896035,61.109578496534425,2.8264539334914103,40.71647626264217,-73.80600789161072,123.0,25.0,123.0,Unhealthy for Sensitive Groups,2025-07-20 15:51:24.512606
2024-01-21 20:00:00,LOC_003,30.83928185325964,22.855947201175308,25.79001714786063,13.646466146800641,12.28228042607125,51.1385330525507,7.704423653684193,40.38649372286391,-74.33358571568905,87.0,15.0,87.0,Moderate,2025-07-20 15:51:24.512606
2024-01-21 21:00:00,LOC_001,21.407079092129404,41.36091566696135,41.10670222566758,38.0545122942417,36.09520665775973,44.04346650104995,3.1037309093176053,40.211262916938196,-73.7136326140383,60.0,27.0,60.0,Moderate,2025-07-20 15:51:24.512606
2024-01-21 22:00:00,LOC_001,30.906548306923092,27.89240979393626,26.91982550629709,41.71658523854743,22.274958757320537,32.986860091382624,14.148190680315363,40.63267703484136,-74.24994324148985,87.0,18.0,87.0,Moderate,2025-07-20 15:51:24.512606
2024-01-21 23:00:00,LOC_004,36.087035805829075,34.78321593682581,33.063911877927424,50.195343862194555,26.35967750711738,46.11000457184972,3.331281036291987,40.97601392559879,-74.0829512716791,102.0,23.0,102.0,Unhealthy for Sensitive Groups,2025-07-20 15:51:24.512606
2024-01-22 00:00:00,LOC_003,33.204821811973645,43.194263720055496,31.130057120699707,48.31429101084924,11.779239881720725,69.25414679671908,3.105242224380521,40.31060097139533,-74.14952979768208,94.0,28.0,94.0,Moderate,2025-07-20 15:51:24.512606
2024-01-22 01:00:00,LOC_001,30.072740311072977,35.09633404716407,12.955468161542395,46.990855825705665,7.807155334778063,62.01701587855265,7.687257732776739,40.46096959221254,-73.64118608532515,85.0,23.0,85.0,Moderate,2025-07-20 15:51:24.512606
2024-01-22 02:00:00,LOC_004,35.666746895891535,28.45421164210147,36.145657733053895,30.400713919576788,14.305502255078896,86.64247669685565,8.618010102351032,40.674001371069856,-74.37345554128659,101.0,18.0,101.0,Unhealthy for Sensitive Groups,2025-07-20 15:51:24.512606
2024-01-22 03:00:00,LOC_003,36.692955904456724,33.35585294111254,31.723172043650305,17.10397435452031,18.75978612610003,53.776635749502034,4.042667988124749,40.54150628212249,-73.93435511761521,104.0,22.0,104.0,Unhealthy for Sensitive Groups,2025-07-20 15:51:24.512606
2024-01-22 04:00:00,LOC_004,38.82158991037527,33.67455561191997,34.06614911739672,35.28336691526319,9.357799931826511,71.63180053970368,0.9910220010425551,40.84342779570905,-74.35793839055694,110.0,22.0,110.0,Unhealthy for Sensitive Groups,2025-07-20 15:51:24.512606
2024-01-22 05:00:00,LOC_002,31.48709887589643,29.449834551768085,61.409901651490614,52.01958190250272,19.90155191349617,59.35936484850728,3.1532871989288265,40.76174270646952,-73.79520416386781,89.0,19.0,89.0,Moderate,2025-07-20 15:51:24.512606
2024-01-22 06:00:00,LOC_001,23.328819196831457,31.118059059993463,13.327096484011292,56.72145433029318,3.114948119314999,60.7545729554527,17.22143831363893,40.05829720386236,-73.59492187220552,66.0,20.0,66.0,Moderate,2025-07-20 15:51:24.512606
2024-01-22 07:00:00,LOC_002,26.467136864333227,58.979707557570755,43.79757319808887,48.526589227573425,8.799525775301278,46.066458876247054,6.991555226448245,40.99842123392377,-74.06539234613274,75.0,38.0,75.0,Moderate,2025-07-20 15:51:24.512606
2024-01-22 08:00:00,LOC_003,37.06508966508357,43.41379171911858,27.700419844797157,45.15208987362081,26.709112482768752,57.297046610519985,8.334344861052255,40.75240245371947,-74.01190773973502,105.0,28.0,105.0,Unhealthy for Sensitive Groups,2025-07-20 15:51:24.512606
2024-01-22 09:00:00,LOC_002,16.83064329012764,30.567795229562595,32.29863123522407,44.55567578063159,26.03790520277894,58.247099820762436,0.16688171786272132,40.86390331629411,-73.57257716351724,48.0,20.0,48.0,Good,2025-07-20 15:51:24.512606
2024-01-22 10:00:00,LOC_002,28.686733088729014,45.45431606766103,29.635902037590064,33.32657503887063,16.081232346131337,72.39855130493603,3.154238282729038,40.651197712095346,-73.97900861135064,81.0,30.0,81.0,Moderate,2025-07-20 15:51:24.512606
2024-01-22 11:00:00,LOC_003,21.066611876726395,29.99270765365985,26.606109332815652,38.43927647735656,9.82235690923047,86.43839995116683,5.201072609199273,40.856285128046764,-74.01240156195044,60.0,19.0,60.0,Moderate,2025-07-20 15:51:24.512606
2024-01-22 12:00:00,LOC_004,25.287448229348175,52.596869563799615,25.44133657408993,60.02883430991597,9.72596448473989,49.759276648950255,8.860745585256424,40.11238297492871,-73.9216708972957,71.0,34.0,71.0,Moderate,2025-07-20 15:51:24.512606
2024-01-22 13:00:00,LOC_002,37.78451862607299,40.544632882971406,32.636069884584074,28.689303930497484,16.26731754058686,32.5320281148779,0.25264505675110943,40.347737835559315,-73.81077026363705,107.0,26.0,107.0,Unhealthy for Sensitive Groups,2025-07-20 15:51:24.512606
2024-01-22 14:00:00,LOC_004,26.910990680199035,33.39046783993657,17.862610426626567,59.377345488518216,26.445184916452913,59.777707530038384,9.567564271918922,40.876420943604494,-74.39311662491296,76.0,22.0,76.0,Moderate,2025-07-20 15:51:24.512606
2024-01-22 15:00:00,LOC_002,25.464365481561487,41.715753887154165,36.004633340174124,36.1356621460953,29.282456913443248,62.667679928950115,3.974802604911397,40.20165521126689,-73.67888947225849,72.0,27.0,72.0,Moderate,2025-07-20 15:51:24.512606
2024-01-22 16:00:00,LOC_004,11.401438590200808,11.436857718972512,26.670444760917967,55.90518530914094,15.03468264518031,40.106433067914914,1.0989581923801033,40.07824209858002,-74.06449497254674,32.0,7.0,32.0,Good,2025-07-20 15:51:24.512606
2024-01-22 17:00:00,LOC_003,32.46253566027221,18.09848796635292,20.959445287677138,23.118219886029543,8.465075740152162,75.627876376564,1.9081707950429525,40.78811893994522,-74.42765149010252,92.0,12.0,92.0,Moderate,2025-07-20 15:51:24.512606
2024-01-22 18:00:00,LOC_002,31.454841811410752,17.09112490401417,26.39989713603349,47.03085041397579,22.678436378663335,89.09574650648949,1.6559379870472246,40.835486155643295,-73.71381733080179,89.0,11.0,89.0,Moderate,2025-07-20 15:51:24.512606
2024-01-22 19:00:00,LOC_003,46.6325472330546,37.1441464214556,40.05719373490058,31.158758368628536,11.764650293741505,86.74648302050765,3.784259945739209,40.1626522181899,-74.12305002831373,132.0,24.0,132.0,Unhealthy for Sensitive Groups,2025-07-20 15:51:24.512606
2024-01-22 20:00:00,LOC_002,21.922217650469992,60.987724992276384,25.717319303870216,23.01679369690975,14.817473611387975,41.82636232941913,0.2653463520311532,40.85434598278272,-74.39963250490494,62.0,40.0,62.0,Moderate,2025-07-20 15:51:24.512606
2024-01-22 21:00:00,LOC_003,27.191503276639388,68.46950219288948,32.86762894567696,42.62240850893135,33.252760904370376,82.52179439404564,0.8630611768858822,40.68676779559717,-73.86622096045674,77.0,44.0,77.0,Moderate,2025-07-20 15:51:24.512606
2024-01-22 22:00:00,LOC_003,27.49383683710755,44.57076652161136,24.152349794276212,52.11366146315163,28.27115428565768,72.26961818470107,8.375032643041393,40.520082683216586,-73.61986864656636,78.0,29.0,78.0,Moderate,2025-07-20 15:51:24.512606
2024-01-22 23:00:00,LOC_002,40.77453279763475,42.51266712416685,36.06337479938895,29.860702736878043,21.579743122514518,57.23079382841469,0.7112982420315834,40.830250192781385,-73.61224649058602,115.0,28.0,115.0,Unhealthy for Sensitive Groups,2025-07-20 15:51:24.512606
2024-01-23 00:00:00,LOC_002,24.04704467613048,7.9841339877089155,35.484061910321635,22.011808474499183,7.280809988872772,62.436659659483745,1.3289262985009007,40.419249249318966,-73.54233652519103,68.0,5.0,68.0,Moderate,2025-07-20 15:51:24.512606
2024-01-23 01:00:00,LOC_002,27.79021525770339,26.859893003989676,44.788870666371295,38.89786282798054,22.113965674706588,80.97601049894749,3.0199211506982304,40.193993956223395,-73.63229454023332,79.0,17.0,79.0,Moderate,2025-07-20 15:51:24.512606
2024-01-23 02:00:00,LOC_001,31.078965097165394,23.183243721376417,28.595488436006278,38.950776054673824,30.626572907875264,58.808096378302395,3.63994471302622,40.28485267661061,-74.49785908065452,88.0,15.0,88.0,Moderate,2025-07-20 15:51:24.512606
2024-01-23 03:00:00,LOC_004,26.86609123156358,25.68728602623326,35.34923843806325,46.57983553065398,16.243663342344643,52.392442146307616,7.2113716222096444,40.505164018293314,-74.11975883358662,76.0,17.0,76.0,Moderate,2025-07-20 15:51:24.512606
2024-01-23 04:00:00,LOC_001,20.535663854494718,32.47784272122816,30.784540316311556,51.39513485637386,33.51114089986715,59.594849581559146,2.9649929571236284,40.531330792673174,-73.6814574200945,58.0,21.0,58.0,Moderate,2025-07-20 15:51:24.512606
2024-01-23 05:00:00,LOC_001,26.940899928983075,27.91864133454309,40.366974254904115,39.28701782473007,32.92745289518207,64.74778824210296,7.800016471171269,40.805580826441236,-74.13374699400153,76.0,18.0,76.0,Moderate,2025-07-20 15:51:24.512606
2024-01-23 06:00:00,LOC_003,35.73631749859772,5.310502844363185,24.249340899130157,62.266039777531155,36.63732832143474,41.34465922670093,4.816208222492485,40.79135272365234,-73.8984514936203,101.0,3.0,101.0,Unhealthy for Sensitive Groups,2025-07-20 15:51:24.512606
2024-01-23 07:00:00,LOC_002,14.734847005889398,46.21865384176301,35.96004250301825,42.6908169344235,23.05243126531353,84.05446381601945,0.600113743970919,40.581366557204575,-73.89368305262546,42.0,30.0,42.0,Good,2025-07-20 15:51:24.512606
2024-01-23 08:00:00,LOC_004,26.32969674146876,18.908854613902903,28.442421631066548,35.842881927917205,25.873916998060125,70.45121692977682,0.8499778051520457,40.78078548336548,-74.13497469596118,74.0,12.0,74.0,Moderate,2025-07-20 15:51:24.512606
2024-01-23 09:00:00,LOC_003,17.998791850608267,38.588702961667245,29.486494583132018,20.661191690766067,34.141872883310896,67.99613504024933,2.8726777787232525,40.19177345829367,-73.59552607271871,51.0,25.0,51.0,Moderate,2025-07-20 15:51:24.512606
2024-01-23 10:00:00,LOC_001,36.950466289248425,66.1112400462496,30.734019875586984,36.84808575620599,24.473939370689756,35.969773570838285,2.5282733568136107,40.0500645270933,-73.99677165461388,104.0,43.0,104.0,Unhealthy for Sensitive Groups,2025-07-20 15:51:24.512606
2024-01-23 11:00:00,LOC_002,9.768130952162252,21.209231126203647,32.01792317141342,35.96335665506636,14.987658922097873,66.25043629035551,6.803996102227103,40.8736338226347,-74.0352157940625,28.0,14.0,28.0,Good,2025-07-20 15:51:24.512606
2024-01-23 12:00:00,LOC_003,19.410781527284115,0.0,29.070167655024335,51.523657555377646,15.514571634721387,37.25763973430954,4.346286022218027,40.075554493762766,-73.50248625433811,55.0,0.0,55.0,Moderate,2025-07-20 15:51:24.512606
2024-01-23 13:00:00,LOC_002,28.77211875064521,30.70993667179834,31.71770546536421,45.54980348880225,22.38554953773739,34.721860511723946,2.45620236367057,40.246688429744,-74.00649963592738,81.0,20.0,81.0,Moderate,2025-07-20 15:51:24.512606
2024-01-23 14:00:00,LOC_003,40.65524029234341,51.51439452497857,42.624944460497474,25.847570540408594,7.094385780537813,61.638653738543596,0.9362300106838194,40.69531894962439,-74.32160174807142,115.0,33.0,115.0,Unhealthy for Sensitive Groups,2025-07-20 15:51:24.512606
2024-01-23 15:00:00,LOC_002,24.34249738927012,64.37521181330891,37.88359748492175,42.06705263693245,18.567410846358072,54.1671320427897,1.2863275910884153,40.409447937627306,-73.98693057713656,69.0,42.0,69.0,Moderate,2025-07-20 15:51:24.512606
2024-01-23 16:00:00,LOC_001,19.448004733068018,16.55675608321375,36.953236739975175,48.05837406074864,30.965471182302537,65.3286162093734,4.284228362270056,40.87631396991551,-73.68598326448007,55.0,11.0,55.0,Moderate,2025-07-20 15:51:24.512606
2024-01-23 17:00:00,LOC_004,43.8115706944059,42.45048834854782,26.355683791809035,58.336376312654,-1.9125385116528122,35.353330083434315,2.7533689777829196,40.29797979466227,-73.72313967310171,124.0,28.0,124.0,Unhealthy for Sensitive Groups,2025-07-20 15:51:24.512606
2024-01-23 18:00:00,LOC_001,10.51986099583756,28.0203431482992,22.886073374173407,50.65004760896871,35.34482101794515,55.85898377083551,3.6172846647348393,40.01187134666936,-73.71141823489153,30.0,18.0,30.0,Good,2025-07-20 15:51:24.512606
2024-01-23 19:00:00,LOC_004,3.0119404337991824,33.410774685437964,37.642404465902025,49.13015985173773,31.223742187031597,40.48720290270948,0.935730492823335,40.30065564056074,-73.79197621600208,9.0,22.0,22.0,Good,2025-07-20 15:51:24.512606
2024-01-23 20:00:00,LOC_002,29.400144500533322,74.66515020525551,37.008374340238355,40.721031935381966,15.402353841695238,89.226005155447,5.436971021808342,40.57807504918483,-74.24578217093331,83.0,48.0,83.0,Moderate,2025-07-20 15:51:24.512606
2024-01-23 21:00:00,LOC_003,19.979457756473888,12.455445074072703,41.78136540600786,44.6597440650814,25.433908278718096,63.66901274611046,9.570948937858718,40.375938375403294,-73.63791591415976,56.0,8.0,56.0,Moderate,2025-07-20 15:51:24.512606
2024-01-23 22:00:00,LOC_001,14.787671828692869,38.8060949224186,25.168154992246166,54.99405880847391,20.031477269063267,71.24621165645203,1.4916225594827381,40.534872755758755,-73.60655653462373,42.0,25.0,42.0,Good,2025-07-20 15:51:24.512606
2024-01-23 23:00:00,LOC_004,32.08356447299353,42.0153975764815,28.163610757117223,24.0066712302442,32.299903684386834,49.525096840956465,3.3815901997765767,40.87659811883502,-74.30584730338146,91.0,27.0,91.0,Moderate,2025-07-20 15:51:24.512606
2024-01-24 00:00:00,LOC_001,27.43800713771199,51.286794874090205,16.884126699796525,35.80672807339653,29.82683142769941,35.68433488676065,18.550991271361557,40.912485054230366,-74.36954436344861,78.0,33.0,78.0,Moderate,2025-07-20 15:51:24.512606
2024-01-24 01:00:00,LOC_004,19.359213692632714,36.46974730206343,26.860231151513016,30.72917501492511,5.999292768169909,88.5522517670122,2.02663864185642,40.26597406465411,-73.52439503141089,55.0,24.0,55.0,Moderate,2025-07-20 15:51:24.512606
2024-01-24 02:00:00,LOC_001,12.196956013291055,39.62075809256154,37.97256408463558,44.54983742471349,25.872624134641768,47.17554212299099,4.51991325166975,40.4621404732699,-73.63167603634963,34.0,26.0,34.0,Good,2025-07-20 15:51:24.512606
2024-01-24 03:00:00,LOC_004,33.724573282801444,29.125271488673135,26.268036966174417,54.76266610780945,17.943721463567524,55.428491110414456,0.4726287888201146,40.54914401524145,-73.60676385279005,95.0,19.0,95.0,Moderate,2025-07-20 15:51:24.512606
2024-01-24 04:00:00,LOC_004,31.50201177958661,39.03690411867661,35.12383836160659,32.83630855934712,20.828325705180998,68.9918353021545,4.657212238840786,40.949112456888244,-73.6136236153756,89.0,25.0,89.0,Moderate,2025-07-20 15:51:24.512606
2024-01-24 05:00:00,LOC_002,24.00824136220617,29.852115867538842,28.475975152017508,11.316347590366746,12.718280990301844,31.481837861166678,0.4695305829881879,40.99861731916438,-73.95831317596627,68.0,19.0,68.0,Moderate,2025-07-20 15:51:24.512606
2024-01-24 06:00:00,LOC_004,43.466369960476655,44.323578347840765,32.59245622577249,35.05335105970636,37.481370691208355,78.61554783103722,15.99971043893296,40.235407248841526,-73.8535982633342,123.0,29.0,123.0,Unhealthy for Sensitive Groups,2025-07-20 15:51:24.512606
2024-01-24 07:00:00,LOC_002,14.299152336738475,29.45584495934549,20.81846888147466,50.96168478420888,30.400618199025757,62.194691401717215,6.287969504673017,40.72697987134582,-73.95463714786636,40.0,19.0,40.0,Good,2025-07-20 15:51:24.512606
2024-01-24 08:00:00,LOC_004,9.74474829075261,40.65650590853279,30.68167559707121,46.45155883539856,12.602288360270327,46.69303122412933,7.759615030596574,40.3780310622332,-74.44879365080968,28.0,26.0,28.0,Good,2025-07-20 15:51:24.512606
2024-01-24 09:00:00,LOC_003,18.080919301187556,34.56105779472532,6.070912232794214,45.13823497372691,6.653893930897674,33.69647911754816,6.088742285000011,40.00810819688621,-73.75449691464723,51.0,22.0,51.0,Moderate,2025-07-20 15:51:24.512606
2024-01-24 10:00:00,LOC_003,24.544139836445023,51.89075376158252,28.50483073470412,36.640080377506244,16.14327369022152,39.749904928466485,4.45468724977729,40.0092525224359,-73.99466796666412,69.0,34.0,69.0,Moderate,2025-07-20 15:51:24.512606
2024-01-24 11:00:00,LOC_003,27.433394493226917,34.229094146172706,16.95621405027888,24.651631165362563,24.345026460913058,83.70203153120622,2.9883921674176954,40.46056600756226,-73.85229092520977,77.0,22.0,77.0,Moderate,2025-07-20 15:51:24.512606
2024-01-24 12:00:00,LOC_004,22.587639421436702,8.404512976896779,39.64795613237453,46.18353185949361,22.40205843946223,71.16145343615347,9.772805596769318,40.48833491300434,-73.99736019502447,64.0,5.0,64.0,Moderate,2025-07-20 15:51:24.512606
2024-01-24 13:00:00,LOC_002,28.520553965142966,53.92882251070988,36.21925882211609,29.988618279584504,32.53132824768244,44.99410329821339,15.713703811646988,40.02256969657344,-74.00818867767754,81.0,35.0,81.0,Moderate,2025-07-20 15:51:24.512606
2024-01-24 14:00:00,LOC_002,12.48460575809556,21.414015487060716,33.733367855728645,66.20916080056547,27.89919722180852,33.93604589670177,3.4561069095463552,40.6869274167743,-74.32821089052223,35.0,14.0,35.0,Good,2025-07-20 15:51:24.512606
2024-01-24 15:00:00,LOC_004,39.437646040732595,25.193504920267703,42.16804981727504,46.84608650025419,29.69569025752907,71.43691874319818,13.407166655800523,40.29400338859495,-74.22128628485885,111.0,16.0,111.0,Unhealthy for Sensitive Groups,2025-07-20 15:51:24.512606
2024-01-24 16:00:00,LOC_003,24.178488216074314,26.065080589347616,22.408667833401303,33.032220369352586,23.268554006104374,64.34446355806591,4.37733860663429,40.55989310153595,-74.34114730805605,68.0,17.0,68.0,Moderate,2025-07-20 15:51:24.512606
2024-01-24 17:00:00,LOC_003,36.172958315881274,55.61657139756226,43.97890558332446,32.66337703133646,6.107012697890097,54.2711714674941,3.865111536091182,40.30091907316542,-74.30433370437466,102.0,36.0,102.0,Unhealthy for Sensitive Groups,2025-07-20 15:51:24.512606
2024-01-24 18:00:00,LOC_002,28.427253463777042,2.964886790319568,37.45753251408308,38.88466952063694,18.043014688530985,51.81668695140383,3.030104102996323,40.16713431486931,-73.5270226195797,80.0,2.0,80.0,Moderate,2025-07-20 15:51:24.512606
2024-01-24 19:00:00,LOC_003,29.56753219153784,82.0662280048999,28.10755770224843,37.125976935739004,30.600897399086655,43.0088565557465,1.174105860028571,40.40717373859888,-74.34688655422781,84.0,53.0,84.0,Moderate,2025-07-20 15:51:24.512606
2024-01-24 20:00:00,LOC_001,30.69767280232204,50.84085213599078,39.084961177463555,53.40200530635945,19.48477071475354,70.17667539225106,0.018632979796416548,40.2322733647905,-74.2307295756948,87.0,33.0,87.0,Moderate,2025-07-20 15:51:24.512606
2024-01-24 21:00:00,LOC_002,29.477085600173147,38.348583711937394,21.149651900706928,42.23699403692856,25.03090368623747,88.24008166763224,1.3821034483086925,40.534800976919165,-73.90941034226141,83.0,25.0,83.0,Moderate,2025-07-20 15:51:24.512606
2024-01-24 22:00:00,LOC_003,31.42722759867544,34.1765899907557,23.40388670777861,31.220419133097664,16.812516847538667,40.54291475020955,3.563925457469414,40.19882853028648,-73.88982142376335,89.0,22.0,89.0,Moderate,2025-07-20 15:51:24.512606
2024-01-24 23:00:00,LOC_002,38.29152530132431,39.28331112286485,25.131282214082397,62.68528822186939,9.70188151458155,65.82699720093021,2.389856049498074,40.508405976644625,-74.34602587025617,108.0,26.0,108.0,Unhealthy for Sensitive Groups,2025-07-20 15:51:24.512606
2024-01-25 00:00:00,LOC_001,26.965211697014702,42.81683642569008,25.768178335487878,40.59169997824267,18.766559359538896,55.45110334475857,2.975433277603055,40.15737851486887,-73.70628257421478,76.0,28.0,76.0,Moderate,2025-07-20 15:51:24.512606
2024-01-25 01:00:00,LOC_002,32.09003757588512,44.678233789250854,21.547538857917978,49.22607611162676,23.090474430326537,56.8013233046799,19.72485425772694,40.67097470948578,-73.71479713208717,91.0,29.0,91.0,Moderate,2025-07-20 15:51:24.512606
2024-01-25 02:00:00,LOC_002,24.102643057127732,43.334066990051724,39.7846645367626,32.701281910662885,13.443122805385563,45.248836807668866,2.156010178548887,40.753937684441425,-74.26268229579611,68.0,28.0,68.0,Moderate,2025-07-20 15:51:24.512606
2024-01-25 03:00:00,LOC_002,39.40117215449473,36.34371021882873,27.929164797041345,44.35738753293428,17.642887551433315,79.50809253968515,3.0090693935858948,40.11039423424993,-74.21133369732453,111.0,24.0,111.0,Unhealthy for Sensitive Groups,2025-07-20 15:51:24.512606
2024-01-25 04:00:00,LOC_002,18.2360769794073,32.03992369539011,32.82003974685504,43.733319893718345,10.605367580140173,59.11533624883447,0.716555586537885,40.46780241203734,-73.56201213454051,52.0,21.0,52.0,Moderate,2025-07-20 15:51:24.512606
2024-01-25 05:00:00,LOC_001,43.00940432910816,32.730900745197324,25.437189068690557,17.324208494846165,31.19244917564096,62.60435113189585,0.24572923237860822,40.07087170065488,-73.67432855402052,121.0,21.0,121.0,Unhealthy for Sensitive Groups,2025-07-20 15:51:24.512606
2024-01-25 06:00:00,LOC_004,24.598420493556567,32.07637579470978,15.435173595611863,64.18330132552768,17.05544242411966,48.285654767839546,7.467382999818863,40.598182445542,-73.80220296693747,69.0,21.0,69.0,Moderate,2025-07-20 15:51:24.512606
2024-01-25 07:00:00,LOC_002,10.692248978819519,52.00655145300597,32.160458867131375,55.48773353107057,34.52755545126183,40.90850794001699,4.227800564899125,40.264404297929644,-74.4177667784894,30.0,34.0,34.0,Good,2025-07-20 15:51:24.512606
2024-01-25 08:00:00,LOC_002,26.281044149107892,43.90335083421293,14.701960196641785,35.23365620624815,35.287478505409084,35.15462329216923,7.150286840150107,40.52762445683871,-74.08173591909743,74.0,29.0,74.0,Moderate,2025-07-20 15:51:24.512606
2024-01-25 09:00:00,LOC_003,18.18948342525119,0.0,29.45092763131625,26.772763114529734,19.18954035278256,72.84714845549496,0.8117876472440922,40.51746100938429,-73.94069812792317,51.0,0.0,51.0,Moderate,2025-07-20 15:51:24.512606
2024-01-25 10:00:00,LOC_002,33.406435489887244,44.83851164794642,19.053479689337514,44.170739365642625,9.915512674526504,41.77405690127134,4.241160480378878,40.9243543461938,-74.31258871201622,94.0,29.0,94.0,Moderate,2025-07-20 15:51:24.512606
2024-01-25 11:00:00,LOC_003,18.473760206976092,37.92104292078162,45.89820799384646,41.040372392972756,-0.8589787773333732,71.40452125132786,1.4627526833512272,40.549083222568726,-74.05177341789178,52.0,25.0,52.0,Moderate,2025-07-20 15:51:24.512606
2024-01-25 12:00:00,LOC_004,20.538165667852205,34.71936865331154,37.29090177739777,44.26802738275875,5.279629269732084,53.42258676281723,1.2942540293406006,40.58299847971831,-73.8989741225113,58.0,23.0,58.0,Moderate,2025-07-20 15:51:24.512606
2024-01-25 13:00:00,LOC_001,6.104592690544692,29.17222320366671,30.846030330171843,42.298928754329076,6.2616517510133995,54.94648805937909,0.057964767063666205,40.40165312576438,-74.17262331988461,17.0,19.0,19.0,Good,2025-07-20 15:51:24.512606
2024-01-25 14:00:00,LOC_001,20.476936807509233,51.8616907997902,40.10965342123735,46.07489187167111,33.784696274615044,58.1506497655663,0.6982689016465817,40.94907960318282,-73.71905518104951,58.0,34.0,58.0,Moderate,2025-07-20 15:51:24.512606
2024-01-25 15:00:00,LOC_004,0.7612067337104342,49.21289693184287,23.229472180274115,57.367668392701674,21.15824587226946,52.06251048765259,1.850017677862956,40.77718590943961,-73.65955041836119,2.0,32.0,32.0,Good,2025-07-20 15:51:24.512606
2024-01-25 16:00:00,LOC_001,9.160971765142767,23.40683498264586,34.347835029360745,46.81723846154375,23.89604524091988,36.0371986333554,0.6214639191474174,40.28540529030284,-74.17639053056593,26.0,15.0,26.0,Good,2025-07-20 15:51:24.512606
2024-01-25 17:00:00,LOC_004,32.604146561442974,41.105784306868024,31.59848346974971,27.404134013080707,-2.2042100893512604,48.577908600170744,21.29318664169854,40.844209585776234,-73.66134284550755,92.0,27.0,92.0,Moderate,2025-07-20 15:51:24.512606
2024-01-25 18:00:00,LOC_004,32.85800158650832,20.42514898188071,32.11216065066936,56.35075423254942,8.020335707827384,69.8240616416363,1.845419867502144,40.43239636018509,-74.39642343389698,93.0,13.0,93.0,Moderate,2025-07-20 15:51:24.512606
2024-01-25 19:00:00,LOC_004,29.254575617849646,14.305727528166042,40.17882800085414,59.687374761859445,28.87079776446287,69.94706408813227,0.698172446026682,40.82866714353359,-73.66227090137734,83.0,9.0,83.0,Moderate,2025-07-20 15:51:24.512606
2024-01-25 20:00:00,LOC_001,15.33023856870787,25.599241631150523,35.85993682223842,77.82468081414501,22.867741123825862,47.17345843439966,1.1099854988796685,40.8228880682935,-74.34724956833239,43.0,17.0,43.0,Good,2025-07-20 15:51:24.512606
2024-01-25 21:00:00,LOC_003,24.5228864385802,47.93590208574138,32.30978930260019,26.518071601124824,18.527947213144028,57.606157593461276,4.430059346893535,40.188870186762855,-74.41707284749027,69.0,31.0,69.0,Moderate,2025-07-20 15:51:24.512606
2024-01-25 22:00:00,LOC_004,24.963974609094315,49.2968756806413,16.76090051017363,42.9145841578033,25.648423586001226,41.60683368071625,0.33093151720620045,40.70114113138358,-73.858224595559,71.0,32.0,71.0,Moderate,2025-07-20 15:51:24.512606
2024-01-25 23:00:00,LOC_002,13.416353108074572,42.69628130145939,22.31962963776429,15.014815561732153,36.35797806135815,42.62232489179014,9.91826211533078,40.29064296930653,-74.0280626342447,38.0,28.0,38.0,Good,2025-07-20 15:51:24.512606
2024-01-26 00:00:00,LOC_001,40.0339830176715,45.87643680271996,29.018328531234207,46.637789876550514,17.789575364629496,31.382825304396444,16.28544353110219,40.29749266999267,-73.59210939958717,113.0,30.0,113.0,Unhealthy for Sensitive Groups,2025-07-20 15:51:24.512606
2024-01-26 01:00:00,LOC_004,33.77362290575671,42.742674306724375,30.746978994213208,33.42159642199873,20.693698026580694,83.80479299446468,1.4167733835297045,40.296348076880584,-74.13681080390916,95.0,28.0,95.0,Moderate,2025-07-20 15:51:24.512606
2024-01-26 02:00:00,LOC_004,22.79035826170336,25.377776071655717,20.95837020260861,63.08134953789944,21.92596918731305,42.64239990449437,2.9900511568946135,40.72556824755995,-74.21284773656237,64.0,16.0,64.0,Moderate,2025-07-20 15:51:24.512606
2024-01-26 03:00:00,LOC_002,25.268858389945308,41.47883817010911,49.29341340462737,30.704620359777017,43.92109635273992,43.652032616187796,0.11191546944112199,40.229826041792535,-73.9992650938558,71.0,27.0,71.0,Moderate,2025-07-20 15:51:24.512606
2024-01-26 04:00:00,LOC_003,27.083828079475524,47.00614287841523,42.13115244202858,19.72980354439286,-0.9935626441902556,46.77608595870791,5.1181302131069275,40.00090583524609,-74.04405381423133,77.0,31.0,77.0,Moderate,2025-07-20 15:51:24.512606
2024-01-26 05:00:00,LOC_003,4.582651315757094,46.314369947203616,34.816946563139865,34.344835111569765,26.83223014788808,37.64448430172574,2.6715465828381086,40.71523685348264,-74.15557195378281,13.0,30.0,30.0,Good,2025-07-20 15:51:24.512606
2024-01-26 06:00:00,LOC_003,22.528226174794032,52.83370057211964,30.576294890269956,16.29414674539435,18.851977512409363,68.35577299088177,1.5739541929859797,40.17118474383513,-73.80625870130167,64.0,34.0,64.0,Moderate,2025-07-20 15:51:24.512606
2024-01-26 07:00:00,LOC_004,18.180157520022014,45.624557708015956,28.302328240790786,49.01319345408772,25.667717261841794,34.508577190655195,1.1586333469116996,40.10448239530783,-73.7404381660861,51.0,30.0,51.0,Moderate,2025-07-20 15:51:24.512606
2024-01-26 08:00:00,LOC_004,14.983799901050844,40.27172311312374,22.384652319822116,15.219003444924155,13.426274460052756,38.052145579581016,5.306916022922881,40.23751612059406,-73.64701603096987,42.0,26.0,42.0,Good,2025-07-20 15:51:24.512606
2024-01-26 09:00:00,LOC_004,22.188997071140452,51.052253574746416,30.6198441481509,40.3414909741979,19.5103496914155,68.68540359540557,2.6911299685243857,40.37990052232271,-73.52714339528966,63.0,33.0,63.0,Moderate,2025-07-20 15:51:24.512606
2024-01-26 10:00:00,LOC_001,42.976865268495224,34.6021811112641,32.06202032114201,15.066258161725639,27.11410579465495,50.379637228886565,0.9901776191875862,40.4759063274732,-74.2333438078675,121.0,22.0,121.0,Unhealthy for Sensitive Groups,2025-07-20 15:51:24.512606
2024-01-26 11:00:00,LOC_002,31.4084286126701,21.771880231584234,20.065915396147005,36.1564263455603,51.12910201043841,72.47686960207135,5.841565863293532,40.04457004071263,-73.78390651751003,89.0,14.0,89.0,Moderate,2025-07-20 15:51:24.512606
2024-01-26 12:00:00,LOC_004,19.28821010217203,32.553995540843545,32.67341133795918,59.72053786965441,28.080361894020715,63.44548468020852,4.162877148006566,40.97057333262736,-74.10574176450426,54.0,21.0,54.0,Moderate,2025-07-20 15:51:24.512606
2024-01-26 13:00:00,LOC_002,30.725827813561587,23.826460327903263,28.75792760940201,44.32777469722954,11.519344019694914,45.36127038369078,9.783361188230993,40.71606305341956,-73.82291802804889,87.0,15.0,87.0,Moderate,2025-07-20 15:51:24.512606
2024-01-26 14:00:00,LOC_002,38.99355436586002,24.872325875384277,14.737539536980872,29.638076740420793,15.762403179772967,69.04967702935969,0.6248459024631622,40.32319406532434,-74.02401830965078,110.0,16.0,110.0,Unhealthy for Sensitive Groups,2025-07-20 15:51:24.512606
2024-01-26 15:00:00,LOC_003,34.246336829127685,32.83221993926723,23.116919913763986,39.625558132730994,15.465858916161459,36.97642081757284,7.701112707213975,40.3186972572854,-73.50622689723207,97.0,21.0,97.0,Moderate,2025-07-20 15:51:24.512606
2024-01-26 16:00:00,LOC_001,25.59630369920174,23.11370118500058,26.691155732626846,40.21620246453336,2.043568273699851,62.18462298480183,5.5968837301768986,40.44854254936846,-73.77109786420925,72.0,15.0,72.0,Moderate,2025-07-20 15:51:24.512606
2024-01-26 17:00:00,LOC_004,18.530632222944263,30.380577055414395,45.10150125872153,45.671564150120865,16.69909808298563,56.22888630270208,0.6108999602420944,40.626244822763034,-73.54750869956568,52.0,20.0,52.0,Moderate,2025-07-20 15:51:24.512606
2024-01-26 18:00:00,LOC_003,31.9822331361359,6.5957799956932135,34.45242499627007,23.597699640630083,27.32829081821745,46.07241496904645,5.9342795206600005,40.146373066588964,-73.66503045051881,90.0,4.0,90.0,Moderate,2025-07-20 15:51:24.512606
2024-01-26 19:00:00,LOC_003,28.934853854217497,38.19940561059408,19.31614744720087,47.11080728616797,7.257678809232049,66.24029986437,2.912926676419441,40.18892981376495,-73.59709898883663,82.0,25.0,82.0,Moderate,2025-07-20 15:51:24.512606
2024-01-26 20:00:00,LOC_004,33.95193220027733,35.01808213043336,33.888290315341095,7.547300420766696,30.484826510505926,82.28001554041695,14.50072752873128,40.85943458283355,-73.68558080278532,96.0,23.0,96.0,Moderate,2025-07-20 15:51:24.512606
2024-01-26 21:00:00,LOC_002,31.351718016819696,22.74367053397714,17.621568088493078,32.441385371634276,24.877748210843382,89.9342819857846,0.763491553734489,40.256254923889074,-74.04084086962409,89.0,15.0,89.0,Moderate,2025-07-20 15:51:24.512606
2024-01-26 22:00:00,LOC_003,35.49552715319335,44.88868502648607,38.661528431096585,34.140713890581466,12.65766678028962,66.46576612460547,5.147764568383159,40.38019499797518,-74.24821154665311,100.0,29.0,100.0,Moderate,2025-07-20 15:51:24.512606
2024-01-26 23:00:00,LOC_002,19.64764788439432,49.06355206439838,26.231002785456973,47.59992191285486,18.584703626621526,54.282352459750214,2.4061726657540596,40.871271850950116,-74.12967982454948,56.0,32.0,56.0,Moderate,2025-07-20 15:51:24.512606
2024-01-27 00:00:00,LOC_001,38.173940656343255,10.886602034465387,29.250910490086632,40.27157023212243,35.98321807641033,43.5124260129721,15.711272192096274,40.663147829399826,-74.47976376736005,108.0,7.0,108.0,Unhealthy for Sensitive Groups,2025-07-20 15:51:24.512606
2024-01-27 01:00:00,LOC_002,26.975996046923996,23.559128321506787,40.60637318033752,23.13324335372456,27.335478135058658,45.4257653637067,2.0022004879154616,40.34171187934169,-73.97600683253533,76.0,15.0,76.0,Moderate,2025-07-20 15:51:24.512606
2024-01-27 02:00:00,LOC_001,45.75260872625265,23.462864753190527,19.702691451326,28.18008249019582,20.08783654898148,58.76729868898594,16.375367405244642,40.68369954572462,-73.99494219972959,129.0,15.0,129.0,Unhealthy for Sensitive Groups,2025-07-20 15:51:24.512606
2024-01-27 03:00:00,LOC_002,18.10812181910432,20.90145348336703,18.82305451909607,42.384160114568886,17.623166830390158,52.03666207684255,11.587775487363185,40.01968321538141,-73.97474953516951,51.0,14.0,51.0,Moderate,2025-07-20 15:51:24.512606
2024-01-27 04:00:00,LOC_003,42.359638031652494,47.44212262897623,25.33120538923196,39.05119189762532,20.766090704516596,84.82887135749665,1.576179312837477,40.735642660011365,-73.52596877502793,120.0,31.0,120.0,Unhealthy for Sensitive Groups,2025-07-20 15:51:24.512606
2024-01-27 05:00:00,LOC_003,26.97910783462648,32.09260791840795,38.307030808154536,33.05051068437104,14.882364420576966,52.09772805934257,8.13652737495526,40.48701604051624,-73.58854599654516,76.0,21.0,76.0,Moderate,2025-07-20 15:51:24.512606
2024-01-27 06:00:00,LOC_001,18.485819963855516,31.032277380340837,17.845231396185262,34.22999452585625,-1.0474950571901473,52.40667546872613,27.135530748302656,40.81318214728446,-74.33828722166989,52.0,20.0,52.0,Moderate,2025-07-20 15:51:24.512606
2024-01-27 07:00:00,LOC_004,20.161141659456785,4.942064533898698,7.342755215115449,48.35401596591147,40.42177910534731,53.01207074603862,1.4561953030095298,40.95463765200647,-74.13111747844411,57.0,3.0,57.0,Moderate,2025-07-20 15:51:24.512606
2024-01-27 08:00:00,LOC_001,21.7965269180568,44.5312704531384,26.39072913272801,33.78768912556942,21.553249991994015,80.19721262205948,2.870399687684203,40.92578854949457,-74.07604382053674,62.0,29.0,62.0,Moderate,2025-07-20 15:51:24.512606
2024-01-27 09:00:00,LOC_001,29.241659464019165,16.41112407719791,34.41392639928736,38.94290507165112,23.98147265122537,69.04729925081412,3.671728902506015,40.90926504345534,-74.13946708214836,83.0,11.0,83.0,Moderate,2025-07-20 15:51:24.512606
2024-01-27 10:00:00,LOC_002,30.228354880354996,35.89898945399492,39.602093997910636,66.03923905696652,19.420922501230912,66.85013101913356,1.7472990061469498,40.512169955933885,-73.70150403639609,85.0,23.0,85.0,Moderate,2025-07-20 15:51:24.512606
2024-01-27 11:00:00,LOC_002,19.26299996061421,39.160654069372875,26.29470910331681,22.915808357392923,12.64883199275412,50.04858134303173,0.07691273349944533,40.36014211413894,-73.97596233013242,54.0,25.0,54.0,Moderate,2025-07-20 15:51:24.512606
2024-01-27 12:00:00,LOC_001,24.75645407739017,55.40987893757976,26.70858714307198,17.777887221104095,18.140755190512294,79.07425060994638,1.2431353535850755,40.46503532473067,-73.92790018302837,70.0,36.0,70.0,Moderate,2025-07-20 15:51:24.512606
2024-01-27 13:00:00,LOC_003,46.42270358611864,15.36769401321332,39.231205874045976,49.403075977583285,4.0060523780568875,32.301831681342065,1.6559890449041124,40.68989600331336,-73.64698644101207,131.0,10.0,131.0,Unhealthy for Sensitive Groups,2025-07-20 15:51:24.512606
2024-01-27 14:00:00,LOC_002,42.275431701007115,0.0,15.042066402436635,31.85628326447076,42.77086498053305,82.24783034028678,2.9313364106084165,40.88399777687118,-73.69407184658463,119.0,0.0,119.0,Unhealthy for Sensitive Groups,2025-07-20 15:51:24.512606
2024-01-27 15:00:00,LOC_004,29.363236696740323,37.75774317130542,26.891833798535927,36.181149667088555,7.65488001577604,60.764993987635776,0.9382937419601212,40.20698630300012,-74.3677884771797,83.0,25.0,83.0,Moderate,2025-07-20 15:51:24.512606
2024-01-27 16:00:00,LOC_002,25.380034781682003,62.0076677226628,31.52339111940046,30.62612346242663,9.680337161528206,53.89501409180477,10.327865047112375,40.918193158461705,-73.78608541591636,72.0,40.0,72.0,Moderate,2025-07-20 15:51:24.512606
2024-01-27 17:00:00,LOC_002,26.20031326718261,53.58419529409156,33.593749770280276,36.88239831078985,15.597407956135996,59.83003684306114,6.102393615144768,40.81518023196989,-74.06456387109796,74.0,35.0,74.0,Moderate,2025-07-20 15:51:24.512606
2024-01-27 18:00:00,LOC_004,31.135179727304166,38.14489122911939,25.92154645447294,59.182457345156095,32.88075724852378,70.04493183202987,0.4452516943544079,40.97885601517824,-74.2053510969375,88.0,25.0,88.0,Moderate,2025-07-20 15:51:24.512606
2024-01-27 19:00:00,LOC_001,14.772074348015945,27.62545721551929,30.27552809364673,49.62554150341743,20.14508999262654,30.76592559107384,5.250431527527485,40.880251773281685,-74.44998117909782,42.0,18.0,42.0,Good,2025-07-20 15:51:24.512606
2024-01-27 20:00:00,LOC_004,22.426234625766547,47.10683894955966,10.093381172696084,50.34668214264373,7.638642039695377,82.29311138749486,5.301620768542385,40.279937329691904,-74.01275043965455,63.0,31.0,63.0,Moderate,2025-07-20 15:51:24.512606
2024-01-27 21:00:00,LOC_001,8.314159261224106,20.396807004432972,24.734012701329213,23.005275330488253,32.543383607573396,56.80437151868357,15.643024975021769,40.10595591134405,-74.14456331927546,23.0,13.0,23.0,Good,2025-07-20 15:51:24.512606
2024-01-27 22:00:00,LOC_001,28.992231226052795,42.14536654034329,33.62806970043574,26.18615516136557,27.310006267854813,50.577991182004695,0.01512721699029219,40.11224107199159,-74.2484869603236,82.0,27.0,82.0,Moderate,2025-07-20 15:51:24.512606
2024-01-27 23:00:00,LOC_001,31.471959397027412,42.5820523874994,22.141647725962564,5.931056086174877,25.384349572164524,38.29473393804342,1.424645658403203,40.291223318578275,-73.80532827040304,89.0,28.0,89.0,Moderate,2025-07-20 15:51:24.512606
2024-01-28 00:00:00,LOC_004,20.16813537700626,50.90314861248319,30.47187377271678,30.28743014700695,27.157342411708406,56.367922461506524,13.140986129270885,40.61418372398454,-73.73051461268442,57.0,33.0,57.0,Moderate,2025-07-20 15:51:24.512606
2024-01-28 01:00:00,LOC_001,40.73986763290033,76.39490058366616,33.57498000642158,51.480438236627904,43.94361900582451,59.779366277062735,13.451094298030924,40.80432032609717,-74.25521048097058,115.0,50.0,115.0,Unhealthy for Sensitive Groups,2025-07-20 15:51:24.512606
2024-01-28 02:00:00,LOC_003,12.742343369976588,40.88623950768151,27.25960639313788,46.20335818898045,41.85094895036112,54.218801669608666,6.375311134681122,40.899250306981564,-74.45055256332066,36.0,27.0,36.0,Good,2025-07-20 15:51:24.512606
2024-01-28 03:00:00,LOC_004,10.356251197901798,27.365545614387518,31.363710167972567,37.34184084457451,13.132846569967047,70.71960562961382,7.2571161313952315,40.62375338436923,-73.65124729943477,29.0,18.0,29.0,Good,2025-07-20 15:51:24.512606
2024-01-28 04:00:00,LOC_003,27.24451818559972,34.616385317120084,22.2981394777231,39.73239659538336,36.23884992811152,55.25379172555356,0.4797081642572758,40.00563131274805,-74.4900402587957,77.0,22.0,77.0,Moderate,2025-07-20 15:51:24.512606
2024-01-28 05:00:00,LOC_001,35.470983026121544,8.463861426663225,28.34710976243163,31.733373489095133,23.831681897589004,87.6850546707944,3.606456018583588,40.18631677651853,-73.56288750607852,100.0,5.0,100.0,Moderate,2025-07-20 15:51:24.512606
2024-01-28 06:00:00,LOC_002,41.83927691457869,24.579303033664125,34.88172935671378,42.45710658882141,24.990958161377492,65.95665106941551,1.3171135655118325,40.099726203853365,-73.87238012601729,118.0,16.0,118.0,Unhealthy for Sensitive Groups,2025-07-20 15:51:24.512606
2024-01-28 07:00:00,LOC_001,20.4111573713106,28.86076342830344,31.255783687747474,49.19053935376738,3.0772916835667132,78.44867613911454,0.9996873104671394,40.36332447556901,-74.17815336479867,58.0,19.0,58.0,Moderate,2025-07-20 15:51:24.512606
2024-01-28 08:00:00,LOC_003,35.78680833431296,27.138674030981115,25.307749843488516,20.609358551074326,18.29614234611804,36.56135418656873,8.311643967296535,40.50135099363374,-74.25352209042326,101.0,18.0,101.0,Unhealthy for Sensitive Groups,2025-07-20 15:51:24.512606
2024-01-28 09:00:00,LOC_003,24.614915304992927,37.28532308050583,31.793731234326344,43.59577225404818,11.871764096634351,53.83747757675434,0.7253493083511122,40.04339717857856,-74.49099433573552,70.0,24.0,70.0,Moderate,2025-07-20 15:51:24.512606
2024-01-28 10:00:00,LOC_004,23.273727000591805,22.66370101426699,35.71687832509294,51.18921845145601,28.28058814893309,50.21086208682917,3.1616871099660955,40.34847797579565,-74.26452858298913,66.0,15.0,66.0,Moderate,2025-07-20 15:51:24.512606
2024-01-28 11:00:00,LOC_002,33.83659937486672,51.81546000986707,13.600469771380176,35.018796532439566,30.71080500402805,64.1689432881955,13.94995551239541,40.179179674625324,-74.36227169848286,96.0,34.0,96.0,Moderate,2025-07-20 15:51:24.512606
2024-01-28 12:00:00,LOC_004,31.523228784134197,35.00310597377295,39.27259251964718,48.408407345447,-0.744863510163114,81.66681120368554,1.0279430715816638,40.64707016625887,-73.88783377927686,89.0,23.0,89.0,Moderate,2025-07-20 15:51:24.512606
2024-01-28 13:00:00,LOC_003,9.236078430157505,34.860495182920786,27.309962090551423,73.77585333367064,19.779651359957295,34.7002930657204,19.082069746512317,40.46427236932434,-74.3334544114062,26.0,23.0,26.0,Good,2025-07-20 15:51:24.512606
2024-01-28 14:00:00,LOC_001,39.76540349725896,30.081579252306234,33.403919465921845,38.7478864841573,31.21861504794252,34.35448788268265,25.825917805680835,40.495317646933906,-73.97137016246339,112.0,20.0,112.0,Unhealthy for Sensitive Groups,2025-07-20 15:51:24.512606
2024-01-28 15:00:00,LOC_002,38.800913541474515,37.32786025788469,39.57797538916182,44.719684600063886,18.13321037686555,81.01906248945593,4.055344119286653,40.427691788033464,-73.90988357765553,110.0,24.0,110.0,Unhealthy for Sensitive Groups,2025-07-20 15:51:24.512606
2024-01-28 16:00:00,LOC_001,18.744372984904707,47.37647397001452,19.026610422156274,31.143314996063303,27.290636450023644,42.77100516230145,0.9325078454906963,40.956019710486565,-74.20195830165308,53.0,31.0,53.0,Moderate,2025-07-20 15:51:24.512606
2024-01-28 17:00:00,LOC_001,28.95803533437409,21.993046764336498,24.324471980579627,42.17501395122461,23.51165467627084,70.12519526698883,1.8997535903047715,40.214735125121564,-74.46493505098128,82.0,14.0,82.0,Moderate,2025-07-20 15:51:24.512606
2024-01-28 18:00:00,LOC_002,29.94030186282739,25.12825266387115,27.691610432994363,45.52325949978765,23.416602319526262,62.57268794164831,2.7625179840850644,40.51666425984387,-74.4627461193858,85.0,16.0,85.0,Moderate,2025-07-20 15:51:24.512606
2024-01-28 19:00:00,LOC_004,27.60673765823907,30.44410956835003,23.729971831004573,42.33810808324166,17.286850219317024,79.97361569323377,1.850423878436581,40.73601736836534,-74.47365266780608,78.0,20.0,78.0,Moderate,2025-07-20 15:51:24.512606
2024-01-28 20:00:00,LOC_001,19.4969484615458,14.811936147901775,43.87949260669447,27.76365616349372,7.834191958642904,37.50533459018421,1.6469360332680272,40.55684441313456,-73.76087533286345,55.0,10.0,55.0,Moderate,2025-07-20 15:51:24.512606
2024-01-28 21:00:00,LOC_003,18.283766320619485,22.711132104177533,23.145823249385657,42.47634125590541,8.784698525749725,37.786977943356675,17.918942532876013,40.9290208857168,-74.1819902951857,52.0,15.0,52.0,Moderate,2025-07-20 15:51:24.512606
2024-01-28 22:00:00,LOC_001,24.744459290085548,27.856686896830116,25.555625764105066,57.546351264611644,27.093525144553173,63.40910161669845,0.8324270303232502,40.377968355641286,-73.70369981403233,70.0,18.0,70.0,Moderate,2025-07-20 15:51:24.512606
2024-01-28 23:00:00,LOC_002,36.72729019259364,48.11583771069091,31.635112252823813,45.38362917417433,20.19458255518883,86.78271920150226,6.608677489387275,40.46367580577318,-74.06826717615715,104.0,31.0,104.0,Unhealthy for Sensitive Groups,2025-07-20 15:51:24.512606
2024-01-29 00:00:00,LOC_002,30.436001545944322,38.938419935028875,20.38280379139129,51.54384626886209,18.61487755392775,54.899865502245255,0.002051868154581315,40.08852231521473,-74.04700189917004,86.0,25.0,86.0,Moderate,2025-07-20 15:51:24.512606
2024-01-29 01:00:00,LOC_002,21.29385667913894,37.90384867051316,26.83455430594989,37.15585635984847,15.761099576776473,49.61652601528169,4.533963276293004,40.60899911105193,-73.98711739749042,60.0,25.0,60.0,Moderate,2025-07-20 15:51:24.512606
2024-01-29 02:00:00,LOC_004,32.716987106483444,47.763469432519585,32.5396260900014,48.99880287308453,16.948111545192482,66.40135939187314,12.381300929379393,40.2882119684481,-73.7869685436249,92.0,31.0,92.0,Moderate,2025-07-20 15:51:24.512606
2024-01-29 03:00:00,LOC_001,0.0,32.93942317400905,27.33711676493991,43.35121405859831,30.469117944881393,85.82691603270186,1.6979240368908601,40.16030903951557,-74.22649713417029,0.0,21.0,21.0,Good,2025-07-20 15:51:24.512606
2024-01-29 04:00:00,LOC_004,36.48765700372103,40.856972748933345,29.252905128800414,28.589071243753217,16.647559181319732,80.21566997067742,1.026063712477455,40.54453129290451,-74.37841265046647,103.0,27.0,103.0,Unhealthy for Sensitive Groups,2025-07-20 15:51:24.512606
2024-01-29 05:00:00,LOC_004,7.602862212219005,33.451673706012556,25.765343100413034,43.822252057586496,6.5893528669843136,89.72901664399319,5.27316546303886,40.53231026337991,-73.94394266480853,21.0,22.0,22.0,Good,2025-07-20 15:51:24.512606
2024-01-29 06:00:00,LOC_002,21.375590585968677,38.980435240994424,17.884237526553864,28.099640038716274,27.43651775540173,31.354114992142627,6.234426010016589,40.07587164122405,-74.17302237675726,60.0,25.0,60.0,Moderate,2025-07-20 15:51:24.512606
2024-01-29 07:00:00,LOC_002,13.803301053738561,26.25862013582627,32.57274569071391,32.4054367013825,17.951233361352827,36.771488682765735,5.824249565554254,40.69821545349447,-74.05750868633196,39.0,17.0,39.0,Good,2025-07-20 15:51:24.512606
2024-01-29 08:00:00,LOC_004,12.053185242790942,0.0,44.03946457317793,42.27193968750849,20.313958655327763,66.56806580199732,1.923291984345822,40.623772190650854,-73.85305329166269,34.0,0.0,34.0,Good,2025-07-20 15:51:24.512606
2024-01-29 09:00:00,LOC_001,36.608267873785195,32.985812567205436,30.147213046267506,43.56693128056149,36.075783063995104,79.23458636003099,1.4531146437307154,40.1890172827465,-74.00587425885873,103.0,21.0,103.0,Unhealthy for Sensitive Groups,2025-07-20 15:51:24.512606
2024-01-29 10:00:00,LOC_003,20.32298798688109,56.3412220414991,31.802112937980397,25.72921041907445,19.79439442649493,47.11466053840599,15.608609452082455,40.469434862154046,-73.87972118289916,57.0,37.0,57.0,Moderate,2025-07-20 15:51:24.512606
2024-01-29 11:00:00,LOC_004,28.465038817307157,48.893231033623884,35.541782040934876,52.64782925419451,22.891836731187254,44.352665282053124,12.839235797732098,40.72032291647856,-73.95579999788637,80.0,32.0,80.0,Moderate,2025-07-20 15:51:24.512606
2024-01-29 12:00:00,LOC_001,24.53079421120816,49.48096226886756,19.84535602762641,46.86407533960568,8.210765087016746,77.21854796287205,3.056146022058886,40.529435740541274,-73.7602036280639,69.0,32.0,69.0,Moderate,2025-07-20 15:51:24.512606
2024-01-29 13:00:00,LOC_002,29.770408272231215,53.54196082709326,43.620117265036846,31.543258772669393,17.803305476490397,33.382911231193894,9.360311703723482,40.39548907618357,-73.79406338228839,84.0,35.0,84.0,Moderate,2025-07-20 15:51:24.512606
2024-01-29 14:00:00,LOC_002,25.768218910602553,36.32986386442156,31.618630371382416,21.548982442609898,26.095260452086013,52.16295885495511,3.010352269881469,40.32233845808094,-73.96581010819138,73.0,24.0,73.0,Moderate,2025-07-20 15:51:24.512606
2024-01-29 15:00:00,LOC_001,12.170077758114303,37.959735611083936,43.05485519271287,38.26114505102282,4.446262661587577,60.348553355539785,2.761616125276099,40.61039386664405,-73.8210969791403,34.0,25.0,34.0,Good,2025-07-20 15:51:24.512606
2024-01-29 16:00:00,LOC_003,34.9626681944714,25.735221568484747,24.135736035808087,34.64867543366608,22.008450931157096,63.62092046101941,0.8525357978001498,40.93910869831024,-73.6264403977274,99.0,17.0,99.0,Moderate,2025-07-20 15:51:24.512606
2024-01-29 17:00:00,LOC_002,20.062434168386876,30.25890715959425,44.5444953804626,41.35768548463627,21.007910726448063,73.71690940756662,2.7791677424510963,40.67174484047748,-74.06772871221183,57.0,20.0,57.0,Moderate,2025-07-20 15:51:24.512606
2024-01-29 18:00:00,LOC_002,9.43418101340249,44.23656724656712,36.20124395227826,35.6426000661332,20.412874555874392,51.29074340583949,3.854645729688876,40.07474590363631,-74.08723692725121,27.0,29.0,29.0,Good,2025-07-20 15:51:24.512606
2024-01-29 19:00:00,LOC_002,20.718848390340874,53.05826655753224,34.42432068681887,15.910517671059882,30.37158898658243,66.76106068047643,0.11380707084717488,40.46068497348213,-73.73575437914762,59.0,34.0,59.0,Moderate,2025-07-20 15:51:24.512606
2024-01-29 20:00:00,LOC_001,40.00759790634311,32.90830586478501,31.872195634825182,35.3398367403861,23.344385148485216,65.12252536745737,2.9359512605366245,40.89082413151063,-73.917446162958,113.0,21.0,113.0,Unhealthy for Sensitive Groups,2025-07-20 15:51:24.512606
2024-01-29 21:00:00,LOC_004,33.50221742113493,28.247161027228827,28.011771055404406,36.33257066718024,34.78071898356444,62.85696603922483,7.60155720739119,40.09446242580108,-74.42899321977741,95.0,18.0,95.0,Moderate,2025-07-20 15:51:24.512606
2024-01-29 22:00:00,LOC_002,21.513478655921407,35.00791938284896,39.60425326779098,47.60393229728871,10.064104844059639,68.42899758853272,5.697891098581616,40.98887571213754,-73.60788798430892,61.0,23.0,61.0,Moderate,2025-07-20 15:51:24.512606
2024-01-29 23:00:00,LOC_004,21.507422956815713,44.01810123393672,31.122878958784376,31.621603904667403,21.35924567218348,45.56695026408458,5.041440621992504,40.94906939364542,-74.46921689776237,61.0,29.0,61.0,Moderate,2025-07-20 15:51:24.512606
2024-01-30 00:00:00,LOC_003,21.783649487826175,13.342177757996872,14.263442371302782,60.144096080470796,20.844667863899474,35.07892521507774,12.015090424156638,40.078274480729874,-73.75160364379026,62.0,9.0,62.0,Moderate,2025-07-20 15:51:24.512606
2024-01-30 01:00:00,LOC_002,45.76747983560841,0.557285702941428,21.06250830634398,17.060313392178916,9.307455062449199,37.15630032238461,0.09098283861160682,40.93341332044955,-73.74120585729568,129.0,0.0,129.0,Unhealthy for Sensitive Groups,2025-07-20 15:51:24.512606
2024-01-30 02:00:00,LOC_002,28.819354522315535,26.741947257626247,28.513233982458022,55.734009973631494,29.562950020913462,43.47494295923406,4.071464663739465,40.36313259025946,-73.54688891471807,81.0,17.0,81.0,Moderate,2025-07-20 15:51:24.512606
2024-01-30 03:00:00,LOC_003,29.300416471910697,16.68931361128762,32.47999186532444,37.308172349462744,43.24673305852818,60.01187613136712,7.740511209356871,40.84470916707586,-74.44586559159768,83.0,11.0,83.0,Moderate,2025-07-20 15:51:24.512606
2024-01-30 04:00:00,LOC_002,35.30283454031842,27.37789703529034,29.547292088800834,50.31501846812267,19.82993925516169,80.4265650327612,3.8971800863281643,40.41838333771327,-73.90314313921552,100.0,18.0,100.0,Moderate,2025-07-20 15:51:24.512606
2024-01-30 05:00:00,LOC_004,27.387891590265134,32.78329521773793,39.751766318349304,40.957617808704796,25.05021088273767,72.07760052530304,1.9570385342855834,40.440855112702515,-74.07215942937295,77.0,21.0,77.0,Moderate,2025-07-20 15:51:24.512606
2024-01-30 06:00:00,LOC_001,22.409578541792968,28.201273864654798,14.391185087691001,53.67466643230563,20.845184758153273,77.34243625212284,0.7323627906570769,40.63424309097754,-74.16936704514046,63.0,18.0,63.0,Moderate,2025-07-20 15:51:24.512606
2024-01-30 07:00:00,LOC_004,23.036501509150217,56.787013017061184,31.14870349204128,35.351656425366265,12.86415330092824,51.05853743556548,10.9268142646013,40.77447741927598,-74.40968143970093,65.0,37.0,65.0,Moderate,2025-07-20 15:51:24.512606
2024-01-30 08:00:00,LOC_001,24.28398740585936,39.9011714690348,15.456166196902762,26.816554897866254,1.7923972219798365,54.27922449891301,3.1815889211956527,40.03378915094825,-73.93734588032869,69.0,26.0,69.0,Moderate,2025-07-20 15:51:24.512606
2024-01-30 09:00:00,LOC_001,24.627777634901584,39.507115394162426,36.077698363873345,57.04605144725276,12.942265169046347,53.62091315943677,10.523394589548648,40.593155995527134,-74.02095927432539,70.0,26.0,70.0,Moderate,2025-07-20 15:51:24.512606
2024-01-30 10:00:00,LOC_004,32.2762954363698,44.333107160651025,29.244330284463977,38.63823224941431,6.080416190482687,41.51239106427009,4.407660883721758,40.18673299409737,-74.39544554184897,91.0,29.0,91.0,Moderate,2025-07-20 15:51:24.512606
2024-01-30 11:00:00,LOC_004,25.519458858072994,17.917503233288464,33.35687977619295,42.65870168349053,37.04102078059118,33.67299948861432,5.607236930497855,40.345949517863204,-73.88751049290292,72.0,12.0,72.0,Moderate,2025-07-20 15:51:24.512606
2024-01-30 12:00:00,LOC_004,32.32640077215579,50.58667681130403,23.08893631528187,54.81702296853754,18.848903060767608,65.4549655696336,8.15486964255525,40.34796866615522,-73.76204687974706,91.0,33.0,91.0,Moderate,2025-07-20 15:51:24.512606
2024-01-30 13:00:00,LOC_004,24.192834198914177,33.863535701968104,40.23571945326201,27.616537094866782,16.540806709528294,89.35300100523517,5.381645241428278,40.469060340221155,-73.73272169894635,68.0,22.0,68.0,Moderate,2025-07-20 15:51:24.512606
2024-01-30 14:00:00,LOC_003,25.786351903160906,45.05720925861819,38.33379731247081,47.14589077167109,28.89153824787806,40.00978229701577,2.537944676481306,40.33413641187617,-73.59462681173757,73.0,29.0,73.0,Moderate,2025-07-20 15:51:24.512606
2024-01-30 15:00:00,LOC_002,5.017993154678923,18.92214150439767,34.6683544240951,32.92126292244531,8.78248897144112,32.80108919395643,3.6039629270369162,40.10736111845067,-74.09052925811122,14.0,12.0,14.0,Good,2025-07-20 15:51:24.512606
2024-01-30 16:00:00,LOC_001,34.16327674702482,11.693618509759034,28.963862025092475,38.41396773226754,12.331359619954476,76.77190090943597,8.12391333337386,40.14562873852545,-73.54692723137786,97.0,8.0,97.0,Moderate,2025-07-20 15:51:24.512606
2024-01-30 17:00:00,LOC_004,28.464884758979927,47.26834487037543,34.638858282361056,40.867347584611466,20.68072269248621,45.15516040108345,2.339232159333827,40.0334379855611,-73.63457059491732,80.0,31.0,80.0,Moderate,2025-07-20 15:51:24.512606
2024-01-30 18:00:00,LOC_004,34.98010109859652,40.64614289146275,24.344859456101208,21.997337662636767,30.287689914234804,79.7786283211757,2.4561073746870647,40.47024908532875,-74.20349842897606,99.0,26.0,99.0,Moderate,2025-07-20 15:51:24.512606
2024-01-30 19:00:00,LOC_004,0.0,21.469226684637345,36.8444452721657,30.653955486154782,25.01685045168788,72.23620002207093,0.5029159267923369,40.95444769485299,-74.34071696265055,0.0,14.0,14.0,Good,2025-07-20 15:51:24.512606
2024-01-30 20:00:00,LOC_003,45.883747047807276,21.955053780879584,43.19584715459137,56.21287470895767,22.483251425158823,86.74041222304828,12.301134687189414,40.11567522364812,-74.06461060387198,130.0,14.0,130.0,Unhealthy for Sensitive Groups,2025-07-20 15:51:24.512606
2024-01-30 21:00:00,LOC_004,23.60410371844826,51.88152176622154,38.56488447983349,50.63429426301755,20.781177352360164,54.53563414540032,0.47725068018863753,40.946264493003085,-74.09810129204403,67.0,34.0,67.0,Moderate,2025-07-20 15:51:24.512606
2024-01-30 22:00:00,LOC_004,36.081828167375164,17.15882160699008,24.163180241540722,39.24832507207318,24.00235855526775,69.71819036703805,5.2235926706910725,40.733361514732096,-73.9242806946688,102.0,11.0,102.0,Unhealthy for Sensitive Groups,2025-07-20 15:51:24.512606
2024-01-30 23:00:00,LOC_004,14.60094072874469,59.64009429883945,32.891338538184826,42.917481502154715,22.016529051292547,57.89128684879624,2.665309118821937,40.63749880293416,-73.91661376767225,41.0,39.0,41.0,Good,2025-07-20 15:51:24.512606
2024-01-31 00:00:00,LOC_002,31.127739050625696,21.49068898028197,19.654867649930818,36.46908993236251,9.700277252230642,67.83532183851261,2.601177038354912,40.64527775532356,-73.75001301562003,88.0,14.0,88.0,Moderate,2025-07-20 15:51:24.512606
2024-01-31 01:00:00,LOC_003,14.465844368263438,44.57587888412574,34.57912248940541,56.27900062993579,20.460792216331512,56.97593436046424,5.690173761392099,40.82672764839628,-73.99011005179439,41.0,29.0,41.0,Good,2025-07-20 15:51:24.512606
2024-01-31 02:00:00,LOC_004,18.76231039304195,30.07072286376523,33.60482730290031,37.595769066470034,9.263113410822474,41.31793478544449,0.3472527343961386,40.10691986437982,-74.39517735905923,53.0,20.0,53.0,Moderate,2025-07-20 15:51:24.512606
2024-01-31 03:00:00,LOC_001,44.14031353866786,44.047811466235146,15.041469283742687,42.78210510561818,20.810825429008236,60.473844960202854,4.503388546476737,40.50475432356554,-73.6417086644469,125.0,29.0,125.0,Unhealthy for Sensitive Groups,2025-07-20 15:51:24.512606
2024-01-31 04:00:00,LOC_001,23.093175992366533,26.83828996828711,20.70572924870109,53.75236172970478,15.193520585117586,61.715052086246544,7.392745359529628,40.69709113826076,-74.19023541681482,65.0,17.0,65.0,Moderate,2025-07-20 15:51:24.512606
2024-01-31 05:00:00,LOC_001,27.174328731797228,32.558106408915584,27.73488882604986,30.67154218184912,45.393816227828616,78.63623089560966,8.807492661488162,40.58682044507356,-73.52870253969341,77.0,21.0,77.0,Moderate,2025-07-20 15:51:24.512606
2024-01-31 06:00:00,LOC_003,33.70067730688754,35.61378763093582,27.59312202287339,58.70547021396273,19.60105616248288,74.13124234761487,0.9348440290997128,40.832779071023296,-74.38213989132024,95.0,23.0,95.0,Moderate,2025-07-20 15:51:24.512606
2024-01-31 07:00:00,LOC_003,29.956818879726047,19.96718816327791,20.32418451664956,21.634463083079478,5.957604337384112,69.82749743648665,11.385515183807156,40.07227170901135,-73.54174882776749,85.0,13.0,85.0,Moderate,2025-07-20 15:51:24.512606
2024-01-31 08:00:00,LOC_001,26.504189051435766,46.11236518130189,33.11182983481747,59.555705573353585,18.658197893230753,36.80322573315435,5.337691987081196,40.69070103949917,-74.40898819311748,75.0,30.0,75.0,Moderate,2025-07-20 15:51:24.512606
2024-01-31 09:00:00,LOC_004,28.649610024662255,27.301796502926223,32.0117888715241,35.527892992576305,25.19358745637888,73.23697743982291,10.679204547216772,40.534027730384715,-74.26896386205294,81.0,18.0,81.0,Moderate,2025-07-20 15:51:24.512606
2024-01-31 10:00:00,LOC_003,49.03415585238275,31.57100126989972,28.445846944171844,37.08761502609662,36.733639461525236,60.01830938127088,3.3206680434842433,40.37916086397994,-74.45342005791346,139.0,21.0,139.0,Unhealthy for Sensitive Groups,2025-07-20 15:51:24.512606
2024-01-31 11:00:00,LOC_001,24.423812029664145,20.084759380872317,23.953667998733096,17.319877945804684,14.105476000612816,83.64597216636955,3.904794517037584,40.34027498223403,-73.794886853361,69.0,13.0,69.0,Moderate,2025-07-20 15:51:24.512606
2024-01-31 12:00:00,LOC_001,27.010990467149675,0.0,38.38965701133251,34.542463391467685,4.175720259763601,85.19225604783256,12.568893959544752,40.620832632774196,-73.64970126342821,76.0,0.0,76.0,Moderate,2025-07-20 15:51:24.512606
2024-01-31 13:00:00,LOC_004,35.50654396007612,32.13458356099746,43.243256904706364,27.52232162767739,28.168370114309813,33.309395436107124,11.508404677072237,40.89099537464426,-74.06592891818401,100.0,21.0,100.0,Moderate,2025-07-20 15:51:24.512606
2024-01-31 14:00:00,LOC_002,36.05525932957984,71.18923132419374,26.131508129227704,32.708243855518326,6.194012941003489,79.23849362126873,2.9724935622190927,40.49617592610112,-73.57147792495758,102.0,46.0,102.0,Unhealthy for Sensitive Groups,2025-07-20 15:51:24.512606
2024-01-31 15:00:00,LOC_003,36.8703030556038,46.769064318470356,25.102664662761434,38.35226841053345,15.638445584925151,32.26184342536024,1.6038689443572098,40.82472316407692,-73.9097009282444,104.0,30.0,104.0,Unhealthy for Sensitive Groups,2025-07-20 15:51:24.512606
2024-01-31 16:00:00,LOC_004,31.387302220291847,34.71109430398408,33.92966132329597,51.493499373674865,17.42379514489006,52.03017754170136,2.497536545842251,40.402156381843966,-73.86999286455348,89.0,23.0,89.0,Moderate,2025-07-20 15:51:24.512606
2024-01-31 17:00:00,LOC_001,13.569950872695165,31.056637561875984,27.135764962024112,42.49124021680751,19.30366546699892,62.53799853726475,2.453189932469742,40.10239446279318,-73.65458079829924,38.0,20.0,38.0,Good,2025-07-20 15:51:24.512606
2024-01-31 18:00:00,LOC_001,41.334315323010955,35.33698839218069,28.884822394694126,43.69211984081337,26.891644570743356,38.88604791762765,1.6904358244605708,40.06150573645864,-74.20319979494816,117.0,23.0,117.0,Unhealthy for Sensitive Groups,2025-07-20 15:51:24.512606
2024-01-31 19:00:00,LOC_004,13.53654606981312,43.20678672762815,35.91722521379737,26.853767333853252,13.163657177136123,74.7788287541446,1.5638344393267334,40.05133437132368,-74.14573427867238,38.0,28.0,38.0,Good,2025-07-20 15:51:24.512606
2024-01-31 20:00:00,LOC_003,28.02635465239033,17.287807770367326,14.725151299941658,29.430950924767238,17.262707478332395,30.501282250328316,9.86867114408546,40.38015014195767,-73.59404808080535,79.0,11.0,79.0,Moderate,2025-07-20 15:51:24.512606
2024-01-31 21:00:00,LOC_002,17.457241499806422,51.71482542003308,40.546418598821354,61.584700220215744,19.857296470506114,40.11594290604221,0.3621111573684224,40.33723775083584,-73.59903650396123,49.0,34.0,49.0,Good,2025-07-20 15:51:24.512606
2024-01-31 22:00:00,LOC_002,24.358616534070073,45.73071973161866,30.58144419463473,31.177587582841042,21.49597957518788,64.84780979120853,5.659984764414546,40.71793702362257,-73.52351722379913,69.0,30.0,69.0,Moderate,2025-07-20 15:51:24.512606
2024-01-31 23:00:00,LOC_001,28.287624103034805,45.772785885619015,26.70805484350256,59.87449902468755,20.978271747079226,72.86325372223754,0.9486650783852767,40.742821501584864,-73.59816168355833,80.0,30.0,80.0,Moderate,2025-07-20 15:51:24.512606
2024-02-01 00:00:00,LOC_003,28.21357215450273,41.57713608214591,29.28612676622841,37.0832656134296,24.3600577522258,84.99858616163496,2.111829832519344,40.05085396883374,-74.37262796396664,80.0,27.0,80.0,Moderate,2025-07-20 15:51:24.512606
2024-02-01 01:00:00,LOC_002,29.219207542352848,35.294249865409846,29.699434840164148,40.02745523372205,28.438395096417374,72.32979911607742,0.31759139086478405,40.221123262889016,-73.676275713863,83.0,23.0,83.0,Moderate,2025-07-20 15:51:24.512606
2024-02-01 02:00:00,LOC_003,41.13711269058647,45.0929185395023,16.150389572440595,52.844381922759155,23.92634115650968,70.30675621529195,1.5733731579758197,40.2742618501589,-74.09016152189041,116.0,29.0,116.0,Unhealthy for Sensitive Groups,2025-07-20 15:51:24.512606
2024-02-01 03:00:00,LOC_003,29.535343015139798,43.87721200612067,41.95950581962589,55.26270906326388,24.535855235092185,53.66046878103986,7.314172590333414,40.54761198414281,-73.50919864405407,83.0,28.0,83.0,Moderate,2025-07-20 15:51:24.512606
2024-02-01 04:00:00,LOC_001,22.558433647093512,29.68938933588464,30.33060505816495,38.67024927665095,4.177768332535223,30.077065531608085,10.814782082155324,40.14451522390695,-74.0277190356712,64.0,19.0,64.0,Moderate,2025-07-20 15:51:24.512606
2024-02-01 05:00:00,LOC_002,34.64087168288357,26.395973406546485,33.544017043579004,35.34108335774153,20.502276991656803,37.209555524137315,1.2521058275954573,40.1339412194,-73.94616391749778,98.0,17.0,98.0,Moderate,2025-07-20 15:51:24.512606
2024-02-01 06:00:00,LOC_004,36.894704889246405,36.527844428929804,37.61239816459234,39.328954617733444,24.795075480016088,62.07327268536235,3.113889450278654,40.94378888920796,-73.9702250847432,104.0,24.0,104.0,Unhealthy for Sensitive Groups,2025-07-20 15:51:24.512606
2024-02-01 07:00:00,LOC_001,12.723921848630075,58.23530227242781,21.8307003395176,44.05549033878542,27.2894119457045,70.50779315066518,3.1774493531314825,40.80420290729778,-74.17826297014172,36.0,38.0,38.0,Good,2025-07-20 15:51:24.512606
2024-02-01 08:00:00,LOC_002,30.97400069849858,16.413393865191487,33.78777519228183,50.69564424243707,13.076492257662057,55.04689703378775,10.34054225262955,40.18065490209117,-74.42497791110708,87.0,11.0,87.0,Moderate,2025-07-20 15:51:24.512606
2024-02-01 09:00:00,LOC_002,32.01172742310898,12.987121013713399,27.85887127280965,40.05075830792982,13.409607251113549,73.84074069170342,7.194238094657427,40.40656780790549,-73.60434876959808,90.0,8.0,90.0,Moderate,2025-07-20 15:51:24.512606
2024-02-01 10:00:00,LOC_002,22.024364966400082,37.47141261854775,36.77416620173195,47.426635576277846,14.258993247164018,61.311737719930726,3.5982486387435406,40.355621999257565,-73.69732418747371,62.0,24.0,62.0,Moderate,2025-07-20 15:51:24.512606
2024-02-01 11:00:00,LOC_002,38.75706813311619,35.76331552784027,12.982180637188037,59.66031678725129,25.364138998913432,34.450571735658734,5.554647178258048,40.791004074065405,-74.36047321944034,109.0,23.0,109.0,Unhealthy for Sensitive Groups,2025-07-20 15:51:24.512606
2024-02-01 12:00:00,LOC_002,23.499444129674732,37.60012496555612,29.207245598069846,44.575715347177415,30.338810549242083,41.52097505807693,9.39820334086772,40.510212916478125,-73.72323172864992,66.0,24.0,66.0,Moderate,2025-07-20 15:51:24.512606
2024-02-01 13:00:00,LOC_003,26.25576453471542,38.659297968627506,25.177434753728306,43.73983427205734,15.925398927083984,80.39989339463658,0.04792370627495114,40.12784973699347,-73.8741533339494,74.0,25.0,74.0,Moderate,2025-07-20 15:51:24.512606
2024-02-01 14:00:00,LOC_001,23.269281757161306,31.651966180477924,33.45810360507324,21.773070098919185,29.07962313627049,73.49476479746636,2.5782698997825833,40.738992063156246,-74.09085621208237,66.0,21.0,66.0,Moderate,2025-07-20 15:51:24.512606
2024-02-01 15:00:00,LOC_003,25.155790475814676,57.34795157903123,33.76035349894562,8.431238358051239,21.234798091645942,83.68571922074969,11.8888695601815,40.39688797822492,-74.24597885090444,71.0,37.0,71.0,Moderate,2025-07-20 15:51:24.512606
2024-02-01 16:00:00,LOC_004,14.037249131047982,10.986440322852268,24.338992841423792,44.66050875076202,18.75714222837564,37.05343494725619,6.7413916904944635,40.26292424763215,-73.64027121649777,40.0,7.0,40.0,Good,2025-07-20 15:51:24.512606
2024-02-01 17:00:00,LOC_002,10.599491174057057,22.57254462829631,24.30260908659165,38.862109224629535,17.88615770182031,89.41335207690443,3.913624231001564,40.37549862202072,-73.79981174070595,30.0,15.0,30.0,Good,2025-07-20 15:51:24.512606
2024-02-01 18:00:00,LOC_001,40.94505063224972,33.45117859776429,29.114677051541364,33.8226079010231,27.466113646021572,42.56440283699602,3.7713327234541847,40.4977565636069,-73.95226009053086,116.0,22.0,116.0,Unhealthy for Sensitive Groups,2025-07-20 15:51:24.512606
2024-02-01 19:00:00,LOC_002,16.530386516816723,10.352167832687492,22.826862181478333,42.922362450236136,23.2557781678707,30.70679257719852,2.1367908408600353,40.34311551641701,-73.89043146610153,47.0,7.0,47.0,Good,2025-07-20 15:51:24.512606
2024-02-01 20:00:00,LOC_001,15.086076505436928,32.362183933518935,36.735869563617015,39.2751552496371,42.75825427647638,89.84537634321325,3.67527104301359,40.24190577259176,-74.40893381791781,43.0,21.0,43.0,Good,2025-07-20 15:51:24.512606
2024-02-01 21:00:00,LOC_003,3.466098863962852,59.922052485920275,27.04634239642043,53.53336300760678,11.477753570026758,46.864433126706786,5.326611011716413,40.39850202880398,-74.02608023908881,10.0,39.0,39.0,Good,2025-07-20 15:51:24.512606
2024-02-01 22:00:00,LOC_001,18.610382523104978,35.313297324439425,6.744094245426869,41.033330419107735,25.181017020299755,70.0811671507536,2.7095440162490196,40.0191729107499,-74.3062997072143,53.0,23.0,53.0,Moderate,2025-07-20 15:51:24.512606
2024-02-01 23:00:00,LOC_004,11.769102065925017,38.460513585780255,27.001423547025553,31.03692057915799,14.707989901884872,40.600938850578316,6.2614954423847555,40.772497846096314,-74.29161632099118,33.0,25.0,33.0,Good,2025-07-20 15:51:24.512606
2024-02-02 00:00:00,LOC_004,41.42015160136369,16.097528522411295,21.691649433248223,51.881994867511466,11.307130130113562,64.8137119319485,9.874767213708052,40.17094489356759,-73.83869603771313,117.0,10.0,117.0,Unhealthy for Sensitive Groups,2025-07-20 15:51:24.512606
2024-02-02 01:00:00,LOC_001,35.09817089342634,25.754578879407838,16.949793476312436,37.39442710064557,19.89132862965028,84.24209918727355,0.8402288021477624,40.04390461363064,-73.5887438481657,99.0,17.0,99.0,Moderate,2025-07-20 15:51:24.512606
2024-02-02 02:00:00,LOC_001,18.118496548222762,29.372054295140945,20.10058689421942,46.318440204067684,21.37352479407036,49.210870045706315,3.0032686639110056,40.65369869290508,-74.09624338952165,51.0,19.0,51.0,Moderate,2025-07-20 15:51:24.512606
2024-02-02 03:00:00,LOC_001,47.52435805344309,30.23427354865649,30.87526777466376,34.271071525686395,49.181735550600926,70.21523856266155,2.6214129132779678,40.77393612882367,-74.29225072698782,134.0,20.0,134.0,Unhealthy for Sensitive Groups,2025-07-20 15:51:24.512606
2024-02-02 04:00:00,LOC_001,34.81765486991594,54.22465692505653,40.62912662598585,32.202077374030765,18.158541843167978,41.27421532790499,5.815190945533799,40.81382913159284,-73.85125306276335,98.0,35.0,98.0,Moderate,2025-07-20 15:51:24.512606
2024-02-02 05:00:00,LOC_004,21.751686164913774,43.36536591087687,32.50547579091984,41.010018762228356,8.698212705153166,67.48772392312353,1.4375268753712729,40.4935091826606,-73.62881295364969,61.0,28.0,61.0,Moderate,2025-07-20 15:51:24.512606
2024-02-02 06:00:00,LOC_002,0.005942851264268967,18.32813064594452,25.147972894274083,40.15394372252422,22.730107174943857,50.187021109050605,5.111742382590878,40.20536818468999,-73.7516811988775,0.0,12.0,12.0,Good,2025-07-20 15:51:24.512606
2024-02-02 07:00:00,LOC_001,47.90942572590742,38.697571676480074,33.647233561365624,45.757924424402,-0.7464003754636828,42.6724955152771,10.497782151267181,40.73722767724983,-73.63124276946341,135.0,25.0,135.0,Unhealthy for Sensitive Groups,2025-07-20 15:51:24.512606
2024-02-02 08:00:00,LOC_001,11.10427533236404,42.47332622745178,26.327277518248067,36.77625096028309,19.08043217395734,48.79092304221811,2.707554866513868,40.699713077154335,-73.9634453289892,31.0,28.0,31.0,Good,2025-07-20 15:51:24.512606
2024-02-02 09:00:00,LOC_004,8.546012530431081,52.102235577819,24.44319704669484,17.963682594755234,20.160252822951605,40.73046411046796,12.096476645359793,40.24627073410317,-73.74812375563081,24.0,34.0,34.0,Good,2025-07-20 15:51:24.512606
2024-02-02 10:00:00,LOC_004,35.225704320096405,58.708110298525604,20.765098654136125,34.80671339693934,27.946003829452113,84.11496647027298,24.927571622522954,40.903407755862794,-74.35993544064107,100.0,38.0,100.0,Moderate,2025-07-20 15:51:24.512606
2024-02-02 11:00:00,LOC_003,49.39752406339273,19.773587122581972,15.985369545986247,49.52582160572579,29.73622249427847,53.83121317902773,0.5607623662869602,40.10437145808283,-74.1517253846368,140.0,13.0,140.0,Unhealthy for Sensitive Groups,2025-07-20 15:51:24.512606
2024-02-02 12:00:00,LOC_001,38.84272818510518,22.83713733184493,26.88061034752444,36.43148704908272,14.964303810922825,44.71675829846204,1.326689127508023,40.982688239591326,-74.11045083551848,110.0,15.0,110.0,Unhealthy for Sensitive Groups,2025-07-20 15:51:24.512606
2024-02-02 13:00:00,LOC_003,30.639091200523595,16.136332116280755,31.264427919361054,37.04339916982542,18.49385985370067,56.90447046095598,15.016781461544399,40.86024781097746,-73.98870425375397,87.0,10.0,87.0,Moderate,2025-07-20 15:51:24.512606
2024-02-02 14:00:00,LOC_004,30.94754341665286,31.48970211339528,29.22701063988088,51.83651807087124,12.338791693893292,49.23217000838973,15.889591575419182,40.68789864547907,-73.57092363974317,87.0,20.0,87.0,Moderate,2025-07-20 15:51:24.512606
2024-02-02 15:00:00,LOC_004,33.53415558780308,41.995375616695014,26.67226457642113,31.45632127289293,8.719374451923061,74.66515522879956,0.5140814158570413,40.93874988827983,-73.62570343977782,95.0,27.0,95.0,Moderate,2025-07-20 15:51:24.512606
2024-02-02 16:00:00,LOC_002,32.589285897867654,49.81001774883653,22.43403151442575,21.486361381085203,23.098947793806346,88.27319471312967,0.07556057675723699,40.72231116832371,-74.36547450771081,92.0,32.0,92.0,Moderate,2025-07-20 15:51:24.512606
2024-02-02 17:00:00,LOC_001,27.811914239693756,33.86073464536216,34.86596953347975,38.072426565694066,7.264144514034008,56.28201940185881,0.878318984262044,40.19045699703005,-74.32721034811753,79.0,22.0,79.0,Moderate,2025-07-20 15:51:24.512606
2024-02-02 18:00:00,LOC_003,26.042011039518762,30.20228715117734,19.46294464042732,34.18991258501516,15.853730994281369,81.66200399833443,27.62330940522538,40.442156138112814,-74.14235945041109,74.0,20.0,74.0,Moderate,2025-07-20 15:51:24.512606
2024-02-02 19:00:00,LOC_004,24.374068721004775,37.27636988373111,36.208223310747805,28.40504416296095,10.048260401007626,63.95178441357717,0.9922523558800235,40.07150302433163,-74.20925613410932,69.0,24.0,69.0,Moderate,2025-07-20 15:51:24.512606
2024-02-02 20:00:00,LOC_004,17.46035411133324,22.472856475549655,21.9822638485862,37.89545852921571,25.496831862902596,39.43413990565401,3.49127709432908,40.38965742228812,-73.88522904684373,49.0,15.0,49.0,Good,2025-07-20 15:51:24.512606
2024-02-02 21:00:00,LOC_003,22.19324923133226,66.3430808254216,23.98051810117572,45.898067766961404,38.01430099266488,71.4373645248805,9.433133707858723,40.741603019737205,-73.59722395223545,63.0,43.0,63.0,Moderate,2025-07-20 15:51:24.512606
2024-02-02 22:00:00,LOC_002,8.070431858046145,10.88508459322912,18.265718475074586,39.88853726118621,6.984120171966687,60.80606982754921,0.10306299067992422,40.38644335093082,-73.53770845832742,23.0,7.0,23.0,Good,2025-07-20 15:51:24.512606
2024-02-02 23:00:00,LOC_004,24.016603732052502,37.77110868343587,25.988782824914907,43.683772872234854,1.4698151710243081,69.0363913951262,4.637883172044347,40.33029417546813,-73.84639704746478,68.0,25.0,68.0,Moderate,2025-07-20 15:51:24.512606
2024-02-03 00:00:00,LOC_001,15.114088928490826,65.35409328844459,37.80249966782383,61.76089238218508,18.751131146499326,83.3812447542999,1.6219062821633492,40.59535572251031,-73.66184079859892,43.0,42.0,43.0,Good,2025-07-20 15:51:24.512606
2024-02-03 01:00:00,LOC_004,13.96410682784229,35.10199766839997,34.12502470755165,35.88545366130923,20.156977959577585,56.42607423936276,9.914657371587747,40.87220452899889,-73.9747977997692,39.0,23.0,39.0,Good,2025-07-20 15:51:24.512606
2024-02-03 02:00:00,LOC_001,26.798941511534785,32.14941447497758,37.82737689622428,43.34018361573604,22.18659306757298,84.07065739304133,1.6666140512237162,40.047583192546114,-74.29167305313996,76.0,21.0,76.0,Moderate,2025-07-20 15:51:24.512606
2024-02-03 03:00:00,LOC_003,38.92002286344599,29.63831865784359,34.17714036747149,33.88943964881039,15.536794847656552,75.04014085689928,5.80385973224111,40.385470434699734,-73.97531158790652,110.0,19.0,110.0,Unhealthy for Sensitive Groups,2025-07-20 15:51:24.512606
2024-02-03 04:00:00,LOC_001,34.183166060023126,32.29412477356388,21.170641371757046,29.843683361356327,17.99360701174568,59.31629555267909,5.607659219149821,40.15824074181526,-73.94491739856235,97.0,21.0,97.0,Moderate,2025-07-20 15:51:24.512606
2024-02-03 05:00:00,LOC_003,9.29499396376823,55.592727120147956,27.353686205379542,32.981108158986764,23.67510410540602,66.19332813947781,1.2518900055691227,40.69535425073187,-73.75754243578645,26.0,36.0,36.0,Good,2025-07-20 15:51:24.512606
2024-02-03 06:00:00,LOC_001,15.103718634296625,1.8220713300573976,23.7584069670603,34.25489714173974,30.404308926448387,49.53486795114068,0.1770955812572228,40.105724560431135,-74.28011701029266,43.0,1.0,43.0,Good,2025-07-20 15:51:24.512606
2024-02-03 07:00:00,LOC_003,34.40771187988216,58.00150551944488,40.64459923231232,44.31370957056551,0.4495122968171721,89.01583798432645,2.631808207174423,40.664807758580245,-74.13168961791327,97.0,38.0,97.0,Moderate,2025-07-20 15:51:24.512606
2024-02-03 08:00:00,LOC_001,15.175126064616904,13.640642713247825,20.42569082858951,68.18890944040909,16.31060560968538,70.04106978302376,1.706772742425321,40.28618087079791,-74.13597253078544,43.0,9.0,43.0,Good,2025-07-20 15:51:24.512606
2024-02-03 09:00:00,LOC_002,22.753668500029754,31.00021506148378,37.149581515112885,31.407478764689916,22.138087939410635,32.63081114979779,8.276826817756804,40.19891681373723,-73.54056040425884,64.0,20.0,64.0,Moderate,2025-07-20 15:51:24.512606
2024-02-03 10:00:00,LOC_001,30.50052099024552,28.561333695520073,37.143630960870155,35.000496332614446,10.820238953892641,49.59731434488053,8.056302573208063,40.93635255782498,-74.05605503967328,86.0,19.0,86.0,Moderate,2025-07-20 15:51:24.512606
2024-02-03 11:00:00,LOC_001,15.316555451363648,43.828299046560794,44.6369616137287,39.24252384266502,37.311696317673,67.39886602554344,3.0534503543654723,40.01852457674595,-73.74490603270185,43.0,28.0,43.0,Good,2025-07-20 15:51:24.512606
2024-02-03 12:00:00,LOC_002,26.053755061459597,11.028134721743786,26.722507258964022,44.749586184516964,13.645901197712629,33.37999666795439,4.663526398865226,40.437777271889566,-73.74918861862557,74.0,7.0,74.0,Moderate,2025-07-20 15:51:24.512606
2024-02-03 13:00:00,LOC_004,11.659745050817955,41.93258999122914,35.698577276641295,43.16260974345742,19.587073129927173,31.433051479148567,4.634983129801667,40.02162699246179,-74.23445581519675,33.0,27.0,33.0,Good,2025-07-20 15:51:24.512606
2024-02-03 14:00:00,LOC_004,18.98632356048786,65.36464434930278,48.25321469231074,55.40914952737741,25.560220968422907,57.00145437166815,8.776891276688207,40.48359304810433,-73.92813031062826,54.0,42.0,54.0,Moderate,2025-07-20 15:51:24.512606
2024-02-03 15:00:00,LOC_001,28.19781934142537,14.552389931107843,25.058866584530428,10.8832951535775,14.087152111981055,49.961410781560204,2.7669471833436314,40.50104737779442,-73.60569710668135,80.0,9.0,80.0,Moderate,2025-07-20 15:51:24.512606
2024-02-03 16:00:00,LOC_002,9.070062664683308,37.84559251415593,17.719678019741124,11.356841557651926,1.534269521955828,56.29791648198996,1.6109996202856505,40.321662471394745,-74.02480228054306,26.0,25.0,26.0,Good,2025-07-20 15:51:24.512606
2024-02-03 17:00:00,LOC_001,29.40474737960399,25.070267333050865,14.95991972873789,34.049461935878206,15.713454730834666,45.76159859280031,1.5396614428601996,40.13216177752502,-73.55488249265746,83.0,16.0,83.0,Moderate,2025-07-20 15:51:24.512606
2024-02-03 18:00:00,LOC_003,24.80362201073319,41.388308092895535,35.70169623089065,53.1676022505245,30.294405559270405,39.88306481657885,3.8414260382298493,40.37638753773447,-74.28554177067583,70.0,27.0,70.0,Moderate,2025-07-20 15:51:24.512606
2024-02-03 19:00:00,LOC_003,30.524899544171475,35.28721666123628,14.93479833553133,21.212223620732843,16.631048732148614,71.34860141882027,2.9814473824207672,40.672262939932565,-74.42584089422597,86.0,23.0,86.0,Moderate,2025-07-20 15:51:24.512606
2024-02-03 20:00:00,LOC_001,27.239141340646615,25.377696364335357,27.021447576496616,3.9084119236749117,11.535656985410213,60.87426697606803,2.900170904922688,40.78239580864446,-73.60854612685525,77.0,16.0,77.0,Moderate,2025-07-20 15:51:24.512606
2024-02-03 21:00:00,LOC_004,38.64140429973844,42.31808427306611,33.49850549631169,46.8541528746305,29.256722095027214,42.00925267496201,0.47780642163552406,40.53075060238814,-73.65231880203778,109.0,27.0,109.0,Unhealthy for Sensitive Groups,2025-07-20 15:51:24.512606
2024-02-03 22:00:00,LOC_004,26.252245026479073,62.06522164680115,31.48140429463931,42.923886684432574,16.692251039769474,49.1753655755999,6.339957137661669,40.589834394439755,-73.50741012406615,74.0,40.0,74.0,Moderate,2025-07-20 15:51:24.512606
2024-02-03 23:00:00,LOC_001,20.70594458874747,32.13644312409052,33.403558913473375,26.917499118406845,14.898391863497828,65.50847445979956,1.2023177004310903,40.20061637112465,-73.82060651188758,58.0,21.0,58.0,Moderate,2025-07-20 15:51:24.512606
2024-02-04 00:00:00,LOC_001,26.22297503032284,45.79636913222273,31.778318846406833,28.17352479134884,21.494560896633097,34.33376089634867,1.0967141050492162,40.28733033322765,-73.56331207333285,74.0,30.0,74.0,Moderate,2025-07-20 15:51:24.512606
2024-02-04 01:00:00,LOC_003,30.43298029036388,15.600905631932545,40.230926506507146,28.363075364383906,27.707502096187874,38.84718055597077,2.661594118733971,40.16189561005236,-73.6730509749159,86.0,10.0,86.0,Moderate,2025-07-20 15:51:24.512606
2024-02-04 02:00:00,LOC_004,25.488600703257042,20.65345434772987,22.381468954089623,41.326423809687284,43.81713531732546,34.39473624644341,1.292418239561669,40.24929535000461,-73.65557366687992,72.0,13.0,72.0,Moderate,2025-07-20 15:51:24.512606
2024-02-04 03:00:00,LOC_001,25.405916912038823,42.08609416820566,24.584038892331748,32.484216685803915,28.27236107657423,78.73903996284713,4.383646865803298,40.22488678022553,-73.93085842954574,72.0,27.0,72.0,Moderate,2025-07-20 15:51:24.512606
2024-02-04 04:00:00,LOC_003,17.980083121932445,57.261740428039474,23.81872443783341,45.928767027706236,31.59839966388344,75.14455399272055,2.3218046111923156,40.51944878639124,-74.1176354020833,51.0,37.0,51.0,Moderate,2025-07-20 15:51:24.512606
2024-02-04 05:00:00,LOC_004,18.37099082449052,40.3342002317849,36.64153449490088,5.744480045147306,14.940338010121447,75.19877591275542,2.9793013479086587,40.56268875579073,-73.56544192745672,52.0,26.0,52.0,Moderate,2025-07-20 15:51:24.512606
2024-02-04 06:00:00,LOC_002,10.973947282003065,30.304129542152687,37.20318870716051,29.717777618466407,9.741318940305238,72.97952060856169,3.8519699859535157,40.94494742082151,-74.0678828243841,31.0,20.0,31.0,Good,2025-07-20 15:51:24.512606
2024-02-04 07:00:00,LOC_003,42.495767431869396,34.98937108135031,33.60980255454807,26.487352469067396,20.62331349619123,70.16312542019216,1.1378637442301511,40.195570647101526,-73.96118063275033,120.0,23.0,120.0,Unhealthy for Sensitive Groups,2025-07-20 15:51:24.512606
2024-02-04 08:00:00,LOC_004,12.561367646087149,16.243883990454236,39.46794933511942,36.923911859530094,21.07169915259596,58.6195149226905,0.8465427098768784,40.64167571016149,-74.05388569287481,35.0,11.0,35.0,Good,2025-07-20 15:51:24.512606
2024-02-04 09:00:00,LOC_004,18.070948022040927,44.0677298953305,20.575673060988954,33.54342689811834,9.214872586354028,68.5366898104269,10.618927943157226,40.81725926898752,-73.9351816860398,51.0,29.0,51.0,Moderate,2025-07-20 15:51:24.512606
2024-02-04 10:00:00,LOC_003,17.815927344308026,48.234995934851135,43.3377928924091,49.5741253587492,18.247054700959872,32.30169328727848,2.8433658117371325,40.56024146378305,-74.02949492100767,50.0,31.0,50.0,Good,2025-07-20 15:51:24.512606
2024-02-04 11:00:00,LOC_002,33.949243769444415,28.218645007503795,42.18590897369806,17.68795874007931,23.99317601719131,67.28786535940708,2.6559377190626137,40.255003652501074,-74.45203244142053,96.0,18.0,96.0,Moderate,2025-07-20 15:51:24.512606
2024-02-04 12:00:00,LOC_003,22.050503217079722,27.949367783607478,35.88497597796597,40.545897715969026,23.603933950180803,76.67266233221264,0.18130865772121654,40.26255023002,-73.6179518139923,62.0,18.0,62.0,Moderate,2025-07-20 15:51:24.512606
2024-02-04 13:00:00,LOC_004,37.477420726737336,38.98817344478073,44.25439127016848,46.70003707854047,25.042878533842725,60.021501623063415,3.445539772016837,40.039253053071,-74.05560618108423,106.0,25.0,106.0,Unhealthy for Sensitive Groups,2025-07-20 15:51:24.512606
2024-02-04 14:00:00,LOC_001,18.265093757561317,28.449203959391067,16.74701433857781,62.279769238743455,22.90964730137443,51.45079970563422,4.039084705575753,40.30544422654848,-73.91105635149265,52.0,18.0,52.0,Moderate,2025-07-20 15:51:24.512606
2024-02-04 15:00:00,LOC_001,27.78994162223802,34.008010780612665,25.804414909898785,34.2188083468783,14.929913407299441,46.64560408805875,4.091748158918777,40.74460367900338,-74.36081219724201,79.0,22.0,79.0,Moderate,2025-07-20 15:51:24.512606
2024-02-04 16:00:00,LOC_003,16.646529467402427,66.49582683749773,24.117572314544383,43.893503252230204,14.860993733511568,68.56812300972496,6.138445277827009,40.04751775720711,-74.49661215201736,47.0,43.0,47.0,Good,2025-07-20 15:51:24.512606
2024-02-04 17:00:00,LOC_004,46.45149127773388,31.29461448881005,35.771834590058745,18.35364648925162,8.01048602006124,71.56807191779453,0.976923557345859,40.21929528250483,-74.25470990635635,131.0,20.0,131.0,Unhealthy for Sensitive Groups,2025-07-20 15:51:24.512606
2024-02-04 18:00:00,LOC_001,13.124015809704872,29.624897719681666,21.598874083182835,11.296525548243714,37.84775039185095,82.25805599175256,1.4532532665261277,40.70623249853178,-73.79541396786665,37.0,19.0,37.0,Good,2025-07-20 15:51:24.512606
2024-02-04 19:00:00,LOC_004,28.098207102270276,25.286872915472614,36.05996119469988,50.1372925093804,20.13450364619293,50.54004494765944,8.322915849797205,40.78265156282288,-74.40080546988712,79.0,16.0,79.0,Moderate,2025-07-20 15:51:24.512606
2024-02-04 20:00:00,LOC_003,31.337768809320984,46.16287957249905,40.96428915197371,39.933276476223156,17.75146944205148,76.18633844313513,14.703438719400106,40.45531841006193,-73.59111255961353,89.0,30.0,89.0,Moderate,2025-07-20 15:51:24.512606
2024-02-04 21:00:00,LOC_001,29.137990974514985,32.28163740172845,35.561623200671995,54.142152277581076,10.712079185475412,63.681349451360276,0.7305233725606236,40.69807433847865,-74.28497743064382,82.0,21.0,82.0,Moderate,2025-07-20 15:51:24.512606
2024-02-04 22:00:00,LOC_004,23.147123411222918,25.25940442517861,32.27000818929201,23.51916533236301,49.35657902327778,82.97018944068475,3.4422865212635223,40.38795216865489,-74.29540638570822,65.0,16.0,65.0,Moderate,2025-07-20 15:51:24.512606
2024-02-04 23:00:00,LOC_001,23.701793002665738,54.81956048409518,22.09701327279401,46.23882567434503,9.266719677771045,61.66872649773725,1.2051137591260386,40.15991324502413,-74.31849203837851,67.0,36.0,67.0,Moderate,2025-07-20 15:51:24.512606
2024-02-05 00:00:00,LOC_003,25.438114719791095,56.29404506770456,23.225192270997084,62.42581408652624,15.711520743939266,61.05778970387803,0.30976622711593815,40.39814949352291,-74.48601828702864,72.0,37.0,72.0,Moderate,2025-07-20 15:51:24.512606
2024-02-05 01:00:00,LOC_004,23.529979983715116,25.993646513919423,39.996951242373335,45.03646730028719,24.158368362860607,64.67262488645454,1.9689427619228979,40.579967820203144,-73.72819453152177,66.0,17.0,66.0,Moderate,2025-07-20 15:51:24.512606
2024-02-05 02:00:00,LOC_001,34.638791167949094,7.001900729590755,36.23479203124266,43.31897806709259,26.00212965744278,74.95892130854607,0.7756002277934498,40.94805328185289,-73.62496546875474,98.0,5.0,98.0,Moderate,2025-07-20 15:51:24.512606
2024-02-05 03:00:00,LOC_003,47.10523001591351,50.11270534755383,29.687843844979646,40.1026729698922,29.57932055215684,87.88142872970766,6.188218006831482,40.06875095208868,-73.8858372973838,133.0,33.0,133.0,Unhealthy for Sensitive Groups,2025-07-20 15:51:24.512606
2024-02-05 04:00:00,LOC_001,19.425082149921664,24.73055261359994,26.656723633872875,21.149422514489054,38.07608507769263,34.41380125294594,3.8149028867121477,40.50739409384496,-74.31180001832014,55.0,16.0,55.0,Moderate,2025-07-20 15:51:24.512606
2024-02-05 05:00:00,LOC_001,11.301970204209223,46.85938398744153,13.793537015108985,56.26687522852418,25.06157655460712,33.20607614346103,0.7764577326180668,40.328919778210725,-74.21472200305912,32.0,30.0,32.0,Good,2025-07-20 15:51:24.512606
2024-02-05 06:00:00,LOC_002,24.11717951648745,5.448442734322466,21.43318065052449,32.66970832233921,9.439692000333324,86.25302024444031,0.04642278409731189,40.50831169427669,-74.02407330263503,68.0,4.0,68.0,Moderate,2025-07-20 15:51:24.512606
2024-02-05 07:00:00,LOC_002,50.79709337654319,48.38896007448964,45.29135269711779,46.053799076596206,17.430548748782186,61.792537531092364,8.255391026684732,40.02397544737653,-73.5456540483767,143.0,31.0,143.0,Unhealthy for Sensitive Groups,2025-07-20 15:51:24.512606
2024-02-05 08:00:00,LOC_003,16.963254320302692,16.83242106078828,19.756355431980268,21.24358832114496,23.07832372513885,66.89418087401617,0.9691035335973075,40.31302535470158,-74.25264862818226,48.0,11.0,48.0,Good,2025-07-20 15:51:24.512606
2024-02-05 09:00:00,LOC_002,41.391168054440676,45.96146178599787,31.515838569768647,25.846484025906634,40.68226041505824,58.94541609568373,4.659771871305962,40.819868147527,-73.76835409608012,117.0,30.0,117.0,Unhealthy for Sensitive Groups,2025-07-20 15:51:24.512606
2024-02-05 10:00:00,LOC_003,41.77700814076441,35.21409601754651,38.05955178556159,57.22104879066683,6.021945215757029,35.61944715644847,2.0543125878339503,40.553941733854636,-74.06055177670709,118.0,23.0,118.0,Unhealthy for Sensitive Groups,2025-07-20 15:51:24.512606
2024-02-05 11:00:00,LOC_002,19.464117582920053,20.690908709050326,19.960618655981662,35.832372532505886,32.025765052252275,76.08536270511999,4.403241902655743,40.45058249281612,-74.20215265163998,55.0,13.0,55.0,Moderate,2025-07-20 15:51:24.512606
2024-02-05 12:00:00,LOC_001,30.689830791852753,28.894455306098294,31.477683798248666,57.43930571251053,21.799143695464167,74.83347870531522,1.8964554811635457,40.28552507171534,-74.04408406297789,87.0,19.0,87.0,Moderate,2025-07-20 15:51:24.512606
2024-02-05 13:00:00,LOC_003,41.283966231285376,45.294776854350516,37.50332430008524,39.06123209129779,28.37830535229481,48.70219928956872,0.4547660099679579,40.298042522791356,-74.42879328245877,117.0,29.0,117.0,Unhealthy for Sensitive Groups,2025-07-20 15:51:24.512606
2024-02-05 14:00:00,LOC_003,21.208722590125127,36.58841679672852,30.099994575258002,17.89722672450571,18.98005283364068,48.37435471370402,1.261252958168237,40.38310143359058,-73.70131262906963,60.0,24.0,60.0,Moderate,2025-07-20 15:51:24.512606
2024-02-05 15:00:00,LOC_001,22.964196398976384,43.766194707087266,52.94722444533414,50.704811196780646,11.575673698736736,80.2704828543311,1.0416353381371855,40.83557070996456,-74.25669807201703,65.0,28.0,65.0,Moderate,2025-07-20 15:51:24.512606
2024-02-05 16:00:00,LOC_003,19.183190860513562,64.64660876773229,16.651205928974438,32.9212921869327,27.50872779401332,34.341435464479595,2.7932506055556305,40.96721320680827,-73.77458787680703,54.0,42.0,54.0,Moderate,2025-07-20 15:51:24.512606
2024-02-05 17:00:00,LOC_003,14.852432693071332,11.536375824334229,38.469828239071035,48.38426576220452,26.54431027105621,82.86630890139395,5.368873312370775,40.43865538135037,-74.4316516285518,42.0,7.0,42.0,Good,2025-07-20 15:51:24.512606
2024-02-05 18:00:00,LOC_002,18.50722454933993,59.25818862452936,28.617586100828284,40.30253041048098,29.72056965739722,45.39970139375487,1.5313085491606957,40.39335283874776,-73.54490144383432,52.0,38.0,52.0,Moderate,2025-07-20 15:51:24.512606
2024-02-05 19:00:00,LOC_003,12.760597332377435,36.565339062848196,36.1753612386934,21.482581264685557,19.86695364621365,65.57908486532963,0.060716842284251046,40.846550775819864,-74.3069850145943,36.0,24.0,36.0,Good,2025-07-20 15:51:24.512606
2024-02-05 20:00:00,LOC_004,25.34083468259226,21.51823927515308,33.53045721359397,41.97153718444683,14.001779766801507,86.15965074010666,3.6587889876522546,40.4269053206363,-73.61725792379292,72.0,14.0,72.0,Moderate,2025-07-20 15:51:24.512606
2024-02-05 21:00:00,LOC_001,17.30026768941358,15.045295613915151,24.13475042312003,66.35467770583358,4.4121300497615845,70.68735009219878,4.653970614118224,40.552018172295654,-73.69052679038457,49.0,10.0,49.0,Good,2025-07-20 15:51:24.512606
2024-02-05 22:00:00,LOC_002,27.337859117907477,32.163194138344494,31.83197113967472,45.91583750217351,28.193732681394064,54.8657887480222,16.466716577679176,40.230941664598745,-73.53214007591859,77.0,21.0,77.0,Moderate,2025-07-20 15:51:24.512606
2024-02-05 23:00:00,LOC_002,9.441043537963727,48.82475167886689,15.136788388813702,39.30978696393444,24.23889482443986,71.37205253432491,4.451541136946638,40.74350253577907,-74.02210933905425,27.0,32.0,32.0,Good,2025-07-20 15:51:24.512606
2024-02-06 00:00:00,LOC_004,28.308802322144572,33.08676319433699,34.82598000457115,52.90412082348277,10.342173671360408,50.63877817898221,3.185465497704534,40.531988318270784,-73.77260270615405,80.0,21.0,80.0,Moderate,2025-07-20 15:51:24.512606
2024-02-06 01:00:00,LOC_001,33.33528961608925,57.66732395371021,32.3852677279242,42.52802158243733,14.614263267033758,46.63550498095117,4.259561421227039,40.80903455024034,-74.12928934296221,94.0,37.0,94.0,Moderate,2025-07-20 15:51:24.512606
2024-02-06 02:00:00,LOC_001,5.062643574285445,13.232364649226618,35.10928134914482,42.514410763153535,15.332411880485594,89.80099667608079,13.148549853399183,40.78073273002867,-74.31563176198031,14.0,9.0,14.0,Good,2025-07-20 15:51:24.512606
2024-02-06 03:00:00,LOC_002,28.74056569847572,34.81866578230918,38.4649466006972,26.90049793409077,5.170155680175819,75.04741387078727,8.812308717018398,40.21500476827003,-74.05692406706655,81.0,23.0,81.0,Moderate,2025-07-20 15:51:24.512606
2024-02-06 04:00:00,LOC_003,37.27668992473292,16.214098333803214,32.94095872167769,42.80617630947518,11.823176033948663,68.68319864290905,1.9502629675562968,40.715635550557764,-74.33425098461154,105.0,11.0,105.0,Unhealthy for Sensitive Groups,2025-07-20 15:51:24.512606
2024-02-06 05:00:00,LOC_002,12.903589813087946,40.45447823937452,31.18471535838621,52.42532099700334,8.661696431936459,51.31737859315913,1.354153381775164,40.80005440795137,-73.51795537721361,36.0,26.0,36.0,Good,2025-07-20 15:51:24.512606
2024-02-06 06:00:00,LOC_001,41.72572386837703,48.30331085145951,22.951453306709663,29.967254174799706,15.875209881120632,32.94964974930289,1.5233518824561718,40.346107240782395,-74.40375350885928,118.0,31.0,118.0,Unhealthy for Sensitive Groups,2025-07-20 15:51:24.512606
2024-02-06 07:00:00,LOC_004,29.19019009366045,28.6885730947842,24.302233890807592,57.09394985496337,12.613025016704373,31.863412562109335,3.5101429157263997,40.17260911290227,-73.91078827654738,82.0,19.0,82.0,Moderate,2025-07-20 15:51:24.512606
2024-02-06 08:00:00,LOC_002,17.94988144241591,0.0,39.49387696141865,38.89952771025849,3.729950791332513,63.250875326927925,6.8138551101185705,40.00263215557959,-73.87353614474594,51.0,0.0,51.0,Moderate,2025-07-20 15:51:24.512606
2024-02-06 09:00:00,LOC_001,24.44230922342294,37.98422220194742,41.49068324564783,29.346765861537513,40.22590230569482,75.72196326234307,3.4980320545585415,40.45090365309315,-73.96192045712594,69.0,25.0,69.0,Moderate,2025-07-20 15:51:24.512606
2024-02-06 10:00:00,LOC_002,30.583269125217225,41.55107827600264,28.09511650950357,51.97158492304293,32.52540731029231,62.2427514266313,0.35102014371716056,40.35243273153884,-73.83781411428816,86.0,27.0,86.0,Moderate,2025-07-20 15:51:24.512606
2024-02-06 11:00:00,LOC_003,25.760053914124114,41.06442132442547,30.368021978026192,36.55846917114077,12.209805784800144,80.44710431634687,6.429181823897218,40.554909833825405,-74.38381922498812,73.0,27.0,73.0,Moderate,2025-07-20 15:51:24.512606
2024-02-06 12:00:00,LOC_002,30.38755992446369,53.53673287733231,22.76308500004987,49.11417864983329,22.724213966536098,32.0055919855933,8.198715779244832,40.18804109258878,-73.9449814757947,86.0,35.0,86.0,Moderate,2025-07-20 15:51:24.512606
2024-02-06 13:00:00,LOC_002,15.793264069206337,18.934194805264266,39.38205476213956,36.49889641289755,24.17465089821295,52.0051245855564,1.7089166334594408,40.859665547666474,-74.21278742887264,45.0,12.0,45.0,Good,2025-07-20 15:51:24.512606
2024-02-06 14:00:00,LOC_001,26.69360824036078,45.20324158175674,35.32333458953423,39.282086277641156,31.91085854773477,44.22422347045068,5.4550920655791,40.25775521562811,-73.55982393669895,75.0,29.0,75.0,Moderate,2025-07-20 15:51:24.512606
2024-02-06 15:00:00,LOC_001,10.862855030950199,52.88761268716962,45.52973949170999,45.9227224520115,11.813949733399214,56.83637808942732,2.7807880060353645,40.22642960508765,-73.73792834656028,31.0,34.0,34.0,Good,2025-07-20 15:51:24.512606
2024-02-06 16:00:00,LOC_001,23.887739386512997,8.321186239902246,22.973415382562088,43.490764691080074,30.92106783982426,34.34258359164735,10.996504665092449,40.48071405648436,-73.52748551784026,67.0,5.0,67.0,Moderate,2025-07-20 15:51:24.512606
2024-02-06 17:00:00,LOC_002,15.960923585352102,39.79477738878466,26.97593680785426,16.053618634579138,14.520946957930649,87.24789849426435,9.32893217927643,40.49885102374427,-74.46244393025981,45.0,26.0,45.0,Good,2025-07-20 15:51:24.512606
2024-02-06 18:00:00,LOC_003,17.644700574102334,27.437302534884928,31.85156738020458,26.5450751188673,6.641375958313866,43.395324064161656,3.7267517944596804,40.21508522878509,-74.2148668248193,50.0,18.0,50.0,Good,2025-07-20 15:51:24.512606
2024-02-06 19:00:00,LOC_004,37.36093175210438,33.77715990347531,35.171916301806164,51.15291981748979,27.241365593144973,85.33846652901508,5.880257062518039,40.27186072672592,-74.30457741336166,106.0,22.0,106.0,Unhealthy for Sensitive Groups,2025-07-20 15:51:24.512606
2024-02-06 20:00:00,LOC_004,35.91310120594269,40.215147253075045,28.27465889961894,38.414360933181435,32.907584241224285,55.553589302200905,10.742873587420775,40.16970523915524,-74.48884541268816,101.0,26.0,101.0,Unhealthy for Sensitive Groups,2025-07-20 15:51:24.512606
2024-02-06 21:00:00,LOC_001,31.09138120907177,27.691571538296714,23.016311276370395,33.71522436674294,45.87908973530685,89.13144799531308,3.423088402731053,40.71846017832317,-74.25767426975368,88.0,18.0,88.0,Moderate,2025-07-20 15:51:24.512606
2024-02-06 22:00:00,LOC_001,14.07687235327421,24.864378812575822,37.05126023138857,23.697111816910308,8.002747349097865,63.243503007612645,1.8789301612912948,40.77008903125408,-73.82122401647958,40.0,16.0,40.0,Good,2025-07-20 15:51:24.512606
2024-02-06 23:00:00,LOC_002,21.835915503051982,35.512286262320366,35.76908290036465,27.04316414468982,26.989196850807886,85.84997185054846,7.005337500969265,40.46232849745928,-74.26891107786543,62.0,23.0,62.0,Moderate,2025-07-20 15:51:24.512606
2024-02-07 00:00:00,LOC_004,37.130976999791834,18.69131091705796,22.6698071954902,15.73841632045663,15.901987562064669,30.32093932165337,1.2427315246896722,40.714087022685014,-73.99099655451738,105.0,12.0,105.0,Unhealthy for Sensitive Groups,2025-07-20 15:51:24.512606
2024-02-07 01:00:00,LOC_001,26.417169136399046,18.71262306672222,40.843542408843966,38.784631375581604,27.833587105240312,74.894328370854,2.4594563110109586,40.735935391937446,-73.612181885035,75.0,12.0,75.0,Moderate,2025-07-20 15:51:24.512606
2024-02-07 02:00:00,LOC_003,48.19329539981695,45.19059924434755,39.36158967357283,32.81874903302744,5.295104487687494,84.18303918615092,10.039410019823102,40.138275527677806,-73.80624207965093,136.0,29.0,136.0,Unhealthy for Sensitive Groups,2025-07-20 15:51:24.512606
2024-02-07 03:00:00,LOC_003,28.93317839394372,17.768089472620158,31.07437197798234,28.40094530817622,7.37230224301436,38.38323401873724,6.444429018059694,40.966178024834534,-74.10537093009397,82.0,12.0,82.0,Moderate,2025-07-20 15:51:24.512606
2024-02-07 04:00:00,LOC_001,26.920491164900316,44.994687513638176,30.636782899008292,39.182518897984565,12.241251768335161,35.76755110392909,2.5859877844730623,40.82103194709643,-74.1275310610879,76.0,29.0,76.0,Moderate,2025-07-20 15:51:24.512606
2024-02-07 05:00:00,LOC_001,21.908835357974986,41.938869392809266,34.43246216892726,44.367647570232855,20.789640456680846,55.47435643115733,1.2087306975803684,40.20448346119582,-74.04426418599151,62.0,27.0,62.0,Moderate,2025-07-20 15:51:24.512606
2024-02-07 06:00:00,LOC_004,26.33540904782282,9.11289906814105,23.106375437949936,65.11837518651933,13.589187334616446,86.0207343679761,2.2000373576182692,40.18616503574607,-74.32295855894009,74.0,6.0,74.0,Moderate,2025-07-20 15:51:24.512606
2024-02-07 07:00:00,LOC_004,23.475301636194562,24.836530214965173,30.24025183331266,21.857398965241437,26.590543439134198,62.543193611426325,1.6711029120832344,40.125661145579585,-73.86599923258402,66.0,16.0,66.0,Moderate,2025-07-20 15:51:24.512606
2024-02-07 08:00:00,LOC_002,32.0810867668859,52.91164104571059,12.780931643126557,53.912572519606265,30.268946182579143,61.64738782330393,0.9684655704955264,40.13837856254192,-74.1358471808954,91.0,34.0,91.0,Moderate,2025-07-20 15:51:24.512606
2024-02-07 09:00:00,LOC_004,34.56702316794584,20.282517032904778,37.011645164023484,51.67721873218086,25.995775412453558,38.46756709795931,6.79987708672687,40.74816179902869,-73.64763465073796,98.0,13.0,98.0,Moderate,2025-07-20 15:51:24.512606
2024-02-07 10:00:00,LOC_003,17.140105394920504,28.033936065359185,17.508054220465127,30.650887127479592,36.18787639660868,30.047370665593128,1.4522286849527082,40.46965425695162,-73.74344733994218,48.0,18.0,48.0,Good,2025-07-20 15:51:24.512606
2024-02-07 11:00:00,LOC_003,11.687670464422219,41.93091339877844,42.027358627431994,42.43883145503237,24.158266294553428,78.60840544472768,3.0272153610250103,40.782934172739864,-73.88948683590785,33.0,27.0,33.0,Good,2025-07-20 15:51:24.512606
2024-02-07 12:00:00,LOC_001,6.637946268967035,46.75085763923893,27.3590392482684,34.50840100794862,7.8310328965983285,35.25447377917429,2.437657315420447,40.74625489435021,-74.13579777735049,19.0,30.0,30.0,Good,2025-07-20 15:51:24.512606
2024-02-07 13:00:00,LOC_004,30.079913269125438,31.226916709332563,28.306664144550584,42.22826296502487,33.6337651353834,68.03098912411943,20.10845800319816,40.60461271350522,-74.29006816832651,85.0,20.0,85.0,Moderate,2025-07-20 15:51:24.512606
2024-02-07 14:00:00,LOC_002,13.966333938261265,26.037347079625377,24.978128751323954,58.10957216085461,13.948437643940025,84.87698727091148,2.4804424548419446,40.68636660657868,-73.72384813589437,39.0,17.0,39.0,Good,2025-07-20 15:51:24.512606
2024-02-07 15:00:00,LOC_003,3.4710940704751714,56.33554792547761,27.69568900862339,47.26727479157576,29.1041849968557,42.51911478950586,0.41681284341003944,40.01835572437914,-74.01359090100891,10.0,37.0,37.0,Good,2025-07-20 15:51:24.512606
2024-02-07 16:00:00,LOC_003,28.88578604530964,61.08349495696368,41.34825076118429,46.1033004788013,35.73734216555106,69.91637017421465,0.47059608555655613,40.31177764680502,-74.27524996182264,82.0,40.0,82.0,Moderate,2025-07-20 15:51:24.512606
2024-02-07 17:00:00,LOC_002,49.92999517432791,49.68287076172693,10.097530747719365,34.83628816054429,24.56688010730399,34.72191460245057,4.467190779384265,40.63782217925941,-74.30482538496,141.0,32.0,141.0,Unhealthy for Sensitive Groups,2025-07-20 15:51:24.512606
2024-02-07 18:00:00,LOC_002,24.939290884601068,36.27977213847536,40.2157230887055,22.191320020907977,5.038411868353503,66.22530863025678,4.573504378555798,40.00934495348624,-74.33459909549865,70.0,24.0,70.0,Moderate,2025-07-20 15:51:24.512606
2024-02-07 19:00:00,LOC_003,33.38490774451642,22.876014175386103,32.70418784881367,37.4983814735151,10.817878334902085,39.835903257192165,2.7129489484861735,40.03297694368259,-73.7228388037944,94.0,15.0,94.0,Moderate,2025-07-20 15:51:24.512606
2024-02-07 20:00:00,LOC_003,25.81829358547565,22.543333901651522,20.343826817142276,54.479297858366984,33.227444668851355,74.15721363091069,2.826793542635995,40.85188798247038,-74.27101281469969,73.0,15.0,73.0,Moderate,2025-07-20 15:51:24.512606
2024-02-07 21:00:00,LOC_002,24.011103468088574,42.837711578986365,21.397500855606097,21.67398572092423,18.308773143571837,48.07387768763449,0.27720723486807886,40.68402486169207,-73.9733577364748,68.0,28.0,68.0,Moderate,2025-07-20 15:51:24.512606
2024-02-07 22:00:00,LOC_003,34.190764829877686,41.275973313330255,43.41114421766562,27.33892758187966,20.79573534942166,57.80346052827878,3.634000819683281,40.265369733120345,-74.04845363902695,97.0,27.0,97.0,Moderate,2025-07-20 15:51:24.512606
2024-02-07 23:00:00,LOC_001,22.097254558113487,56.023978894196446,22.43594496045815,41.51521283480882,27.58824416163609,65.9658325216573,3.5133567125214737,40.68796284011871,-73.92038910077171,62.0,36.0,62.0,Moderate,2025-07-20 15:51:24.512606
2024-02-08 00:00:00,LOC_001,27.67392314071903,44.75675138804209,20.773195915232325,28.18414258183285,26.963228620803235,40.27640463997437,0.8099442827442433,40.79245666913926,-73.6228450996288,78.0,29.0,78.0,Moderate,2025-07-20 15:51:24.512606
2024-02-08 01:00:00,LOC_002,28.216978061960138,12.453795473602732,39.09851633891783,30.489718634617446,22.787998123854607,74.49826911705725,0.5481781274956039,40.3067942831101,-73.63225260991827,80.0,8.0,80.0,Moderate,2025-07-20 15:51:24.512606
2024-02-08 02:00:00,LOC_004,18.31909546356951,50.77921426584378,32.70842301028731,34.91681701926188,17.913316287795343,48.15842043820887,0.6595064133056627,40.036037377499184,-74.04892392817514,52.0,33.0,52.0,Moderate,2025-07-20 15:51:24.512606
2024-02-08 03:00:00,LOC_002,34.92042349536523,20.029090590283808,22.49659538770881,23.612591149718206,16.873315542676426,69.74231159476521,0.5325183245271045,40.932779124687734,-74.48463374926527,99.0,13.0,99.0,Moderate,2025-07-20 15:51:24.512606
2024-02-08 04:00:00,LOC_002,23.250402433045913,29.240430920714726,31.73299980323695,28.31053784540358,28.57898825291343,39.49698304196242,4.704303015302539,40.34517983829563,-74.0735561942857,66.0,19.0,66.0,Moderate,2025-07-20 15:51:24.512606
2024-02-08 05:00:00,LOC_004,17.442548405071552,38.75300309377542,21.79397853087778,48.441135001447705,25.535695310677934,71.28705955238101,1.0937825199885216,40.106481763284705,-73.89380646257585,49.0,25.0,49.0,Good,2025-07-20 15:51:24.512606
2024-02-08 06:00:00,LOC_004,30.365098435704034,64.93501234675946,38.80657118738084,24.311562613228432,17.426999993822104,37.691284368627706,1.4479538121270106,40.491856871393146,-73.94223524090194,86.0,42.0,86.0,Moderate,2025-07-20 15:51:24.512606
2024-02-08 07:00:00,LOC_004,16.015320182089628,81.64877834008041,38.49096771898507,20.825534386061946,30.821123129931408,55.521389776199015,0.9532132714020808,40.76846779566414,-73.84866389419979,45.0,53.0,53.0,Moderate,2025-07-20 15:51:24.512606
2024-02-08 08:00:00,LOC_001,25.281811573691282,44.10084588704274,34.25604959057554,32.439700245593265,18.709658848702162,44.83236442433261,15.830860031947967,40.221647314617556,-74.34592426752691,71.0,29.0,71.0,Moderate,2025-07-20 15:51:24.512606
2024-02-08 09:00:00,LOC_003,24.908810033557966,32.25205071919418,32.89328848997613,48.78346603011815,11.483378256656067,74.90251496569095,9.641934126518763,40.26949005013336,-73.85346490121927,70.0,21.0,70.0,Moderate,2025-07-20 15:51:24.512606
2024-02-08 10:00:00,LOC_001,35.85895565831578,43.01758472720825,44.08950499893899,37.63693830403732,12.410293010966551,45.722100270412476,1.3100380831543468,40.24271498679858,-74.31734838125622,101.0,28.0,101.0,Unhealthy for Sensitive Groups,2025-07-20 15:51:24.512606
2024-02-08 11:00:00,LOC_003,29.74698232879953,48.31483138810754,29.997490619105804,34.42502706261258,10.212591636902339,82.90303838372378,1.9842587534408451,40.99167305283168,-73.74947601930324,84.0,31.0,84.0,Moderate,2025-07-20 15:51:24.512606
2024-02-08 12:00:00,LOC_001,24.749730412548562,30.189985616642126,20.54500699663359,40.53230557018728,17.275899833963127,83.50921268439677,1.1779335003390012,40.19740373373054,-74.16091238673732,70.0,20.0,70.0,Moderate,2025-07-20 15:51:24.512606
2024-02-08 13:00:00,LOC_003,33.17766299200287,61.928170338684836,33.595791302658455,19.051510805684174,32.33724278336193,41.78647891336715,3.3851484345981415,40.575520216966126,-73.79010456661855,94.0,40.0,94.0,Moderate,2025-07-20 15:51:24.512606
2024-02-08 14:00:00,LOC_001,38.90207549017313,38.45106138787103,46.68837639629691,45.93646784530039,11.949048189694912,66.83075670046345,0.09902685211840374,40.925264641656966,-74.45213440109389,110.0,25.0,110.0,Unhealthy for Sensitive Groups,2025-07-20 15:51:24.512606
2024-02-08 15:00:00,LOC_004,30.578103063518622,42.46614633637091,21.881924054513185,44.60122037684373,21.88475761018103,35.26305850319786,5.564083611781544,40.14689656887778,-74.0921399744091,86.0,28.0,86.0,Moderate,2025-07-20 15:51:24.512606
2024-02-08 16:00:00,LOC_002,25.103526198433805,44.98886378081692,27.108297866448115,35.08829831085134,13.433106543725868,53.49222597609775,3.7028519702467735,40.9708541978677,-73.79496547773667,71.0,29.0,71.0,Moderate,2025-07-20 15:51:24.512606
2024-02-08 17:00:00,LOC_001,11.881637676498404,41.32379915921683,33.33156830481162,52.071094141557,17.396909587285624,72.79930377007634,11.445330849158069,40.94747723439563,-74.27312948366851,34.0,27.0,34.0,Good,2025-07-20 15:51:24.512606
2024-02-08 18:00:00,LOC_003,14.348863369246274,47.58410750704418,29.568761207954086,26.470046812563535,4.899587880147479,69.56539481099497,0.8979824717286357,40.884571987058266,-73.70471295520278,41.0,31.0,41.0,Good,2025-07-20 15:51:24.512606
2024-02-08 19:00:00,LOC_004,21.947752956453325,25.741202201796153,22.141571356981483,53.53490791904283,17.794617708434625,67.48204016439648,8.150990765036608,40.21455652133,-73.86922026689507,62.0,17.0,62.0,Moderate,2025-07-20 15:51:24.512606
2024-02-08 20:00:00,LOC_001,18.904877978407168,26.625473690809542,38.97486284984377,41.85392398714301,18.06294620195038,46.952451819746614,7.850148931976145,40.634055056010986,-73.9124382278502,53.0,17.0,53.0,Moderate,2025-07-20 15:51:24.512606
2024-02-08 21:00:00,LOC_001,23.13028697014554,18.497686505424575,48.56032577613807,35.96136892146192,25.402879440356955,52.68149696606412,0.6801364623461184,40.76089147296124,-74.14645114579567,65.0,12.0,65.0,Moderate,2025-07-20 15:51:24.512606
2024-02-08 22:00:00,LOC_004,25.56649924897107,41.59251845930339,31.569051672191257,39.761516375580264,22.232809132553705,36.17676868201717,2.542136045849868,40.98602792819643,-74.01754852961888,72.0,27.0,72.0,Moderate,2025-07-20 15:51:24.512606
2024-02-08 23:00:00,LOC_001,30.296927543567307,46.68404755268171,22.767453682112,38.7128228102687,8.016078750479547,73.14136922601605,0.9325675004874208,40.18042382208137,-73.90265069902215,86.0,30.0,86.0,Moderate,2025-07-20 15:51:24.512606
2024-02-09 00:00:00,LOC_002,24.295012219409088,41.866592992278285,17.6083157995722,54.6433947570126,30.841982440435427,60.233327807476414,1.4699798189455435,40.7660258995193,-74.02753788608511,69.0,27.0,69.0,Moderate,2025-07-20 15:51:24.512606
2024-02-09 01:00:00,LOC_001,29.865016438262018,60.11738650021306,32.06380784976945,27.07985047034784,22.103030402219954,72.52593794073928,1.5275073271370658,40.338801169927116,-73.80168667605945,84.0,39.0,84.0,Moderate,2025-07-20 15:51:24.512606
2024-02-09 02:00:00,LOC_002,25.644744148101204,34.9160597175643,38.83101874653006,30.849769130240823,21.983935171774867,44.936611487812364,4.0623163865609495,40.175626465568,-74.06630306689304,72.0,23.0,72.0,Moderate,2025-07-20 15:51:24.512606
2024-02-09 03:00:00,LOC_002,5.245334336461287,45.03112483388769,33.801341971963055,52.435634704869756,19.90817646614861,49.46629371810397,2.6501350791654517,40.42137694121386,-74.29772681825797,15.0,29.0,29.0,Good,2025-07-20 15:51:24.512606
2024-02-09 04:00:00,LOC_004,15.606646061812457,18.624486857910284,29.98076927264917,32.85358077779369,14.822425527777803,50.05292023560688,14.756931661774193,40.793835912148616,-74.28606621719895,44.0,12.0,44.0,Good,2025-07-20 15:51:24.512606
2024-02-09 05:00:00,LOC_001,23.559124442783844,29.193504462883986,25.28582678568555,50.8063969279791,22.178023397487262,31.544544584832973,0.675492482006706,40.464849803704055,-74.49419623115706,67.0,19.0,67.0,Moderate,2025-07-20 15:51:24.512606
2024-02-09 06:00:00,LOC_004,12.903052571588924,45.43306636348666,21.262690938255282,60.393231796104516,24.755884359285822,50.46287236983741,18.189436646904838,40.537523100203046,-74.19904228444133,36.0,30.0,36.0,Good,2025-07-20 15:51:24.512606
2024-02-09 07:00:00,LOC_001,30.999287299962045,47.73653166114716,36.67801061059906,35.1784596767004,2.53104308654445,78.19827441108201,1.3109725557747154,40.995159410200124,-73.75108235952148,88.0,31.0,88.0,Moderate,2025-07-20 15:51:24.512606
2024-02-09 08:00:00,LOC_001,40.30750832343698,30.590495785037266,37.31017297108468,48.176347918903666,14.612391626539043,83.8379097449843,7.41125034656497,40.39910929955742,-73.7058372911624,114.0,20.0,114.0,Unhealthy for Sensitive Groups,2025-07-20 15:51:24.512606
2024-02-09 09:00:00,LOC_003,37.18761851697317,33.926011222129,17.634161706474135,26.1556926239217,17.450530295964107,61.09309893815565,2.0697797134808633,40.61540075470924,-74.29753245790425,105.0,22.0,105.0,Unhealthy for Sensitive Groups,2025-07-20 15:51:24.512606
2024-02-09 10:00:00,LOC_001,22.865571290697922,12.231893799787859,42.71871182544547,49.05679957681371,22.561706056942782,57.33010171315321,0.7720617102234844,40.36524420161537,-73.5409560031286,65.0,8.0,65.0,Moderate,2025-07-20 15:51:24.512606
2024-02-09 11:00:00,LOC_004,39.90726136849952,29.644561987900858,34.592569767152014,42.39308783184121,31.933110059271257,31.849477121962217,9.755740700667625,40.392785646328704,-73.99759720651987,113.0,19.0,113.0,Unhealthy for Sensitive Groups,2025-07-20 15:51:24.512606
2024-02-09 12:00:00,LOC_002,26.486674572021116,48.35574745279679,41.196757161166346,45.676459385922584,12.282591854032177,82.75226025512296,1.8470708595406742,40.69564075344541,-73.5830212509815,75.0,31.0,75.0,Moderate,2025-07-20 15:51:24.512606
2024-02-09 13:00:00,LOC_001,21.629140288819606,43.628075241598495,19.262978012119078,32.25313513557526,15.020381531821581,30.780612805552362,5.377244285252319,40.93788697609488,-73.79323471813836,61.0,28.0,61.0,Moderate,2025-07-20 15:51:24.512606
2024-02-09 14:00:00,LOC_003,18.8659733645906,42.50998582071814,19.07340675667649,20.06699901319393,14.874658893534498,86.6850048126127,4.178667918354131,40.54235895049232,-73.77756657697759,53.0,28.0,53.0,Moderate,2025-07-20 15:51:24.512606
2024-02-09 15:00:00,LOC_004,21.975303135118715,35.746605307714404,28.808245521861625,46.039024776994054,11.984724098954585,59.35297492128544,3.190987832529752,40.76839992894878,-74.41495637869393,62.0,23.0,62.0,Moderate,2025-07-20 15:51:24.512606
2024-02-09 16:00:00,LOC_001,21.118231814587713,35.105947379422645,34.02227541516155,15.239162170246544,16.528135048877374,50.5160696144836,3.4241044292789757,40.08920655881696,-74.28000887310307,60.0,23.0,60.0,Moderate,2025-07-20 15:51:24.512606
2024-02-09 17:00:00,LOC_004,26.704162223754878,25.095182907898295,44.37088658341571,36.191794093089584,27.70802219987971,85.4531060905596,6.588282159476827,40.21115803743193,-74.49118516670552,75.0,16.0,75.0,Moderate,2025-07-20 15:51:24.512606
2024-02-09 18:00:00,LOC_003,26.605739810498648,45.482426303038025,35.648631310521054,51.294182397039634,9.461645046356544,31.463459586605804,0.4593316111545745,40.50213164091953,-73.78387235952326,75.0,30.0,75.0,Moderate,2025-07-20 15:51:24.512606
2024-02-09 19:00:00,LOC_003,25.030460201534144,41.314594165840845,28.058549785503732,42.302772830476435,24.27814395152903,64.88549369214522,5.515823103498092,40.02001172362878,-74.1555617115715,71.0,27.0,71.0,Moderate,2025-07-20 15:51:24.512606
2024-02-09 20:00:00,LOC_004,29.3693816974635,42.38028271989199,21.78904633867286,63.38011173747776,2.980977699816645,62.93595146996026,11.3077964633498,40.25285497876256,-73.71334748392366,83.0,28.0,83.0,Moderate,2025-07-20 15:51:24.512606
2024-02-09 21:00:00,LOC_001,36.906462747863415,27.109477359986293,39.8400045817532,52.30130983098128,14.386620035577941,43.159224072682925,0.29762592875712124,40.51740128982497,-74.16106378006297,104.0,18.0,104.0,Unhealthy for Sensitive Groups,2025-07-20 15:51:24.512606
2024-02-09 22:00:00,LOC_002,34.495541354413234,2.6998562019313326,22.28235659399428,32.15321934009308,16.70510699782014,55.733245881012635,0.7579143761687597,40.0149611982563,-73.68066624770114,97.0,2.0,97.0,Moderate,2025-07-20 15:51:24.512606
2024-02-09 23:00:00,LOC_003,10.151020315500965,51.45729067630543,43.02774843817858,40.327760558217264,36.748596729140644,69.1358403566262,6.305043246659897,40.26454628622604,-74.3693017462517,29.0,33.0,33.0,Good,2025-07-20 15:51:24.512606
2024-02-10 00:00:00,LOC_001,0.0,27.817438159873937,27.724922803147926,39.43155156946677,17.25197695247312,73.62787181291566,2.8748801966390864,40.51403081947587,-74.3266268432425,0.0,18.0,18.0,Good,2025-07-20 15:51:24.512606
2024-02-10 01:00:00,LOC_001,34.34319911239274,22.05836353935319,42.724656580942806,21.013878839846473,-2.012434734509185,30.043011522394785,2.5837877546587302,40.57314924798125,-74.15912346041607,97.0,14.0,97.0,Moderate,2025-07-20 15:51:24.512606
2024-02-10 02:00:00,LOC_002,11.331213015845789,45.4021836787099,35.43145032047423,28.71521300218776,0.011110931387502632,86.21120580546092,0.7365096323626634,40.925751693055304,-74.09151261111772,32.0,29.0,32.0,Good,2025-07-20 15:51:24.512606
2024-02-10 03:00:00,LOC_003,22.752345981073166,29.119810401213055,28.904036084460333,33.27086911624168,20.34029586346681,39.87152234356874,3.5338988242229687,40.645345623250606,-74.15129718915702,64.0,19.0,64.0,Moderate,2025-07-20 15:51:24.512606
2024-02-10 04:00:00,LOC_003,13.298869739406404,50.89904576069932,25.844829025390986,15.565353965728761,26.13770855789909,44.01482605334155,0.6764951195165749,40.41473580253,-73.73635296747678,38.0,33.0,38.0,Good,2025-07-20 15:51:24.512606
2024-02-10 05:00:00,LOC_001,6.980195624199801,44.25508924365046,27.27273698123136,40.569921619019716,23.75455857627253,45.80840674163089,3.237241865812795,40.93035117713307,-74.40304860737328,20.0,29.0,29.0,Good,2025-07-20 15:51:24.512606
2024-02-10 06:00:00,LOC_001,30.41462728204788,45.253539848007165,33.4265335390019,37.01113786416351,21.675701058009903,32.26920819312212,7.211473559821297,40.784882983387796,-74.14878298036152,86.0,29.0,86.0,Moderate,2025-07-20 15:51:24.512606
2024-02-10 07:00:00,LOC_002,32.59155160302647,14.510664331991986,30.617251969741734,19.92527318426111,31.62259597505667,37.383127415419494,1.4938118838630834,40.20000892111275,-73.66276000048454,92.0,9.0,92.0,Moderate,2025-07-20 15:51:24.512606
2024-02-10 08:00:00,LOC_002,19.234895992732806,53.179159780796006,25.24950873545036,44.85055438332799,14.604087792628684,89.18099537664972,3.277197366535709,40.13084236134882,-74.43320292273783,54.0,35.0,54.0,Moderate,2025-07-20 15:51:24.512606
2024-02-10 09:00:00,LOC_003,0.0,38.91875796850784,28.674948717458943,48.59047293629151,28.94910556026825,48.913004242637165,24.15155953459328,40.67581163574273,-73.55765649232865,0.0,25.0,25.0,Good,2025-07-20 15:51:24.512606
2024-02-10 10:00:00,LOC_004,19.537555517475173,29.460842911306955,30.6286162377532,42.724413746378666,3.679851149735825,36.91806542034296,5.802179266852034,40.559883165576984,-73.51368315772798,55.0,19.0,55.0,Moderate,2025-07-20 15:51:24.512606
2024-02-10 11:00:00,LOC_003,28.918040054025465,37.15082701013377,12.970127244681503,36.11118189749236,10.950521670619338,36.4194756704774,9.20548721320163,40.78967361379276,-74.41143182617492,82.0,24.0,82.0,Moderate,2025-07-20 15:51:24.512606
2024-02-10 12:00:00,LOC_001,10.210884312258713,8.3564715065252,33.665344918309586,47.09730582102226,1.9295860506818379,73.16759806019832,2.6794148203451384,40.73880505007869,-74.20872747774426,29.0,5.0,29.0,Good,2025-07-20 15:51:24.512606
2024-02-10 13:00:00,LOC_003,26.833599197791557,41.12979217221006,22.162230202265548,48.162644325720294,17.251546993302078,81.27411984195845,7.302093088203279,40.62521153385752,-74.12759933396464,76.0,27.0,76.0,Moderate,2025-07-20 15:51:24.512606
2024-02-10 14:00:00,LOC_004,24.846901508270044,19.559427377268925,20.77334077435404,43.68884283663626,19.537387827336573,45.41713797050819,0.20676261853261757,40.98638217162889,-73.72360863134728,70.0,13.0,70.0,Moderate,2025-07-20 15:51:24.512606
2024-02-10 15:00:00,LOC_002,30.792914996010886,14.709945712346983,16.501245223114317,30.104652994782867,21.1410149222652,31.254570740114097,0.655735087778385,40.53358973011041,-73.90407318788327,87.0,10.0,87.0,Moderate,2025-07-20 15:51:24.512606
2024-02-10 16:00:00,LOC_004,26.19580368414153,12.164612206731633,15.648860017056878,43.31920918613417,20.618833528871352,43.385401106721346,1.1349458870736044,40.11310575650172,-73.85563429950743,74.0,8.0,74.0,Moderate,2025-07-20 15:51:24.512606
2024-02-10 17:00:00,LOC_004,15.269310591184444,51.69032562484888,19.156419975101684,54.34576780990575,10.72446669188272,33.39094144780544,2.5704206732143255,40.82827356481599,-73.7424901771815,43.0,34.0,43.0,Good,2025-07-20 15:51:24.512606
2024-02-10 18:00:00,LOC_004,36.965715016644914,25.56104909460817,24.327832338956078,32.84045129665924,18.097591555867844,36.20369619780249,9.34573706512552,40.251853362345706,-74.38202100056297,104.0,17.0,104.0,Unhealthy for Sensitive Groups,2025-07-20 15:51:24.512606
2024-02-10 19:00:00,LOC_002,23.4147042697303,58.00591564874749,45.626073100212544,65.17527206958917,5.025533313942514,55.89048719085854,2.1252740788943503,40.77730214814392,-73.66679054308973,66.0,38.0,66.0,Moderate,2025-07-20 15:51:24.512606
2024-02-10 20:00:00,LOC_004,24.72695460490068,26.962978054215533,25.792962592838368,33.692428792175384,33.6322897513225,43.795102251697955,5.315567372452303,40.95710709600005,-73.79438019581985,70.0,18.0,70.0,Moderate,2025-07-20 15:51:24.512606
2024-02-10 21:00:00,LOC_004,15.66732040926804,9.3896306361058,31.42200085014425,40.38888416008164,16.96373927101999,60.956752711525404,6.177563231784838,40.69679551396434,-73.92265827480362,44.0,6.0,44.0,Good,2025-07-20 15:51:24.512606
2024-02-10 22:00:00,LOC_004,20.567177488084898,18.252133400770113,33.20385109205063,31.930172847923966,15.111138809563087,45.20962519543142,4.41164935502062,40.5960301609498,-73.61026466521695,58.0,12.0,58.0,Moderate,2025-07-20 15:51:24.512606
2024-02-10 23:00:00,LOC_001,16.15197285973099,53.537174300104084,31.048521489726788,42.67925003104313,35.88940328444083,86.43223806617686,2.209934684369869,40.46038617567504,-73.7996936461162,46.0,35.0,46.0,Good,2025-07-20 15:51:24.512606
2024-02-11 00:00:00,LOC_004,23.27053940076577,32.66152733094999,29.380452314192052,19.093339688376698,7.5775346645077075,84.35663807557587,4.302546056146331,40.364409865995405,-74.29830003736897,66.0,21.0,66.0,Moderate,2025-07-20 15:51:24.512606
2024-02-11 01:00:00,LOC_002,42.11708480142343,26.775690552640988,20.437649891206043,33.447498414199345,8.744128859680309,64.00836630062796,2.094770327992616,40.353004750971834,-74.07025461892434,119.0,17.0,119.0,Unhealthy for Sensitive Groups,2025-07-20 15:51:24.512606
2024-02-11 02:00:00,LOC_004,11.280988570686436,37.40027338779181,41.6074203862337,26.894545595817192,9.03779675131435,51.26543951924317,0.4380054189917373,40.63637270570959,-74.00595713306427,32.0,24.0,32.0,Good,2025-07-20 15:51:24.512606
2024-02-11 03:00:00,LOC_004,8.86438602123259,42.52674104251317,44.457573149103084,41.62406017470749,19.32128618300518,52.86881292208413,24.671134657470546,40.751273116937746,-74.4447823732496,25.0,28.0,28.0,Good,2025-07-20 15:51:24.512606
2024-02-11 04:00:00,LOC_002,39.711703274936085,51.76098223853691,16.538730447018516,51.93336850610689,24.316316296375973,54.71113698866982,0.6801437056394812,40.678517069484414,-73.54536248663995,112.0,34.0,112.0,Unhealthy for Sensitive Groups,2025-07-20 15:51:24.512606
2024-02-11 05:00:00,LOC_004,22.90676322848134,56.72748844839389,21.807771272908965,47.752074245374615,27.396754681178336,73.65475932809665,0.37549515148855306,40.19841010119356,-74.37142273920313,65.0,37.0,65.0,Moderate,2025-07-20 15:51:24.512606
2024-02-11 06:00:00,LOC_002,18.309272613400836,29.603470313163715,27.76151726098395,11.540087669693293,45.71995317494969,57.098339731130274,10.540470640629708,40.49398718014349,-73.80253873277327,52.0,19.0,52.0,Moderate,2025-07-20 15:51:24.512606
2024-02-11 07:00:00,LOC_004,35.39904687396076,15.109284708769426,22.28369764071847,64.50483583513457,-2.4943245420076394,81.40379679035385,1.7964966437936372,40.791640072183064,-73.99376896390912,100.0,10.0,100.0,Moderate,2025-07-20 15:51:24.512606
2024-02-11 08:00:00,LOC_002,18.94384460263136,28.79802258315086,34.04772442764692,43.54335928745042,26.08735589124417,86.64568715582188,5.253354910145949,40.475704078189054,-74.47436775011558,54.0,19.0,54.0,Moderate,2025-07-20 15:51:24.512606
2024-02-11 09:00:00,LOC_004,43.260097135469366,38.90420759874329,24.173822380747097,30.682010314083996,14.428694274277689,50.15676920273603,1.9949734051841372,40.536623279735494,-73.57525252413564,122.0,25.0,122.0,Unhealthy for Sensitive Groups,2025-07-20 15:51:24.512606
2024-02-11 10:00:00,LOC_004,31.779258713392693,20.543616106840837,47.32044854245282,41.885535027891294,14.135848511112265,63.641668882540806,2.4834160933535165,40.771136048170824,-73.64816319118107,90.0,13.0,90.0,Moderate,2025-07-20 15:51:24.512606
2024-02-11 11:00:00,LOC_001,20.120885918542974,20.642736276574357,39.52438875474877,42.11427787003231,13.802278717461224,35.70339220995387,1.5198227235646837,40.66126530626509,-73.97574207209617,57.0,13.0,57.0,Moderate,2025-07-20 15:51:24.512606
2024-02-11 12:00:00,LOC_001,46.57308213265503,40.15681822324828,31.70059224505772,31.997815396581238,10.912303291920267,42.028142865981536,2.100691213194085,40.40934492088239,-74.27105766386056,132.0,26.0,132.0,Unhealthy for Sensitive Groups,2025-07-20 15:51:24.512606
2024-02-11 13:00:00,LOC_004,18.942850769966615,34.270214726443236,38.21589010655786,42.375000008104905,36.845248346034516,54.80794600260961,2.6441028345262296,40.89541271119422,-74.3783771093199,54.0,22.0,54.0,Moderate,2025-07-20 15:51:24.512606
2024-02-11 14:00:00,LOC_004,32.42095372009307,35.4919549311738,38.84720339485847,32.71033254855631,28.422973270139025,42.37216295410673,6.372263709960045,40.16256706866348,-74.13660752056788,92.0,23.0,92.0,Moderate,2025-07-20 15:51:24.512606
2024-02-11 15:00:00,LOC_003,27.992925804064917,23.62256997949896,25.488420095534053,35.147656087719724,20.23195978557375,82.59362944732305,3.582449514218305,40.99551644859032,-74.2445717189539,79.0,15.0,79.0,Moderate,2025-07-20 15:51:24.512606
